-- MySQL dump 10.13  Distrib 8.0.20, for Linux (x86_64)
--
-- Host: localhost    Database: vk
-- ------------------------------------------------------
-- Server version       8.0.20

/*!40101 SET @OLD_CHARACTER_SET_CLIENT=@@CHARACTER_SET_CLIENT */;
/*!40101 SET @OLD_CHARACTER_SET_RESULTS=@@CHARACTER_SET_RESULTS */;
/*!40101 SET @OLD_COLLATION_CONNECTION=@@COLLATION_CONNECTION */;
/*!50503 SET NAMES utf8mb4 */;
/*!40103 SET @OLD_TIME_ZONE=@@TIME_ZONE */;
/*!40103 SET TIME_ZONE='+00:00' */;
/*!40014 SET @OLD_UNIQUE_CHECKS=@@UNIQUE_CHECKS, UNIQUE_CHECKS=0 */;
/*!40014 SET @OLD_FOREIGN_KEY_CHECKS=@@FOREIGN_KEY_CHECKS, FOREIGN_KEY_CHECKS=0 */;
/*!40101 SET @OLD_SQL_MODE=@@SQL_MODE, SQL_MODE='NO_AUTO_VALUE_ON_ZERO' */;
/*!40111 SET @OLD_SQL_NOTES=@@SQL_NOTES, SQL_NOTES=0 */;

--
-- Table structure for table `communities`
--

DROP TABLE IF EXISTS `communities`;
/*!40101 SET @saved_cs_client     = @@character_set_client */;
/*!50503 SET character_set_client = utf8mb4 */;
CREATE TABLE `communities` (
  `id` int unsigned NOT NULL AUTO_INCREMENT COMMENT 'Идентификатор сроки',
  `name` varchar(150) CHARACTER SET utf8 COLLATE utf8_unicode_ci NOT NULL COMMENT 'Название группы',
  `created_at` datetime DEFAULT CURRENT_TIMESTAMP COMMENT 'Время создания строки',
  `updated_at` datetime DEFAULT CURRENT_TIMESTAMP ON UPDATE CURRENT_TIMESTAMP COMMENT 'Время обновления строки',
  PRIMARY KEY (`id`),
  UNIQUE KEY `name` (`name`)
) ENGINE=InnoDB AUTO_INCREMENT=101 DEFAULT CHARSET=utf8 COLLATE=utf8_unicode_ci COMMENT='Группы';
/*!40101 SET character_set_client = @saved_cs_client */;

--
-- Dumping data for table `communities`
--

LOCK TABLES `communities` WRITE;
/*!40000 ALTER TABLE `communities` DISABLE KEYS */;
INSERT INTO `communities` VALUES (1,'aliquid','1970-11-10 07:22:42','2005-04-05 16:46:59'),(2,'voluptate','1971-04-22 20:49:53','1996-10-22 05:43:18'),(3,'et','1991-05-29 20:24:08','2010-12-28 12:18:55'),(4,'vitae','1997-09-08 19:42:59','2008-03-08 22:49:15'),(5,'aliquam','1995-02-18 00:40:33','2012-07-29 14:51:43'),(6,'iste','1990-11-22 16:17:48','2012-08-26 16:23:57'),(7,'quibusdam','1999-02-26 16:39:23','2003-01-04 01:48:37'),(8,'maxime','1973-11-30 16:56:39','1983-05-30 02:19:12'),(9,'error','1985-01-10 20:08:27','2000-07-22 05:47:45'),(10,'consequuntur','2008-02-01 23:14:15','2015-10-05 10:08:39'),(11,'quo','1975-07-02 01:26:00','2020-05-22 23:01:21'),(12,'expedita','2004-02-11 01:19:02','2004-04-06 00:43:10'),(13,'consequatur','1975-03-02 20:21:02','2016-12-03 20:14:10'),(14,'nemo','1985-09-06 15:14:44','2012-01-12 08:18:08'),(15,'dignissimos','1993-09-08 14:56:43','1994-11-25 19:52:29'),(16,'nesciunt','1975-10-13 22:06:46','1995-12-23 16:15:15'),(17,'dolor','1979-04-22 20:35:43','2005-11-30 16:35:58'),(18,'voluptates','1973-09-08 11:10:42','2011-05-01 08:06:56'),(19,'aut','2008-04-12 20:27:05','2013-07-28 21:26:57'),(20,'ut','1979-08-25 06:28:24','1983-11-24 17:01:26');
/*!40000 ALTER TABLE `communities` ENABLE KEYS */;
UNLOCK TABLES;

--
-- Table structure for table `communities_users`
--

DROP TABLE IF EXISTS `communities_users`;
/*!40101 SET @saved_cs_client     = @@character_set_client */;
/*!50503 SET character_set_client = utf8mb4 */;
CREATE TABLE `communities_users` (
  `community_id` int unsigned NOT NULL COMMENT 'Ссылка на группу',
  `user_id` int unsigned NOT NULL COMMENT 'Ссылка на пользователя',
  `created_at` datetime DEFAULT CURRENT_TIMESTAMP COMMENT 'Время создания строки',
  PRIMARY KEY (`community_id`,`user_id`) COMMENT 'Составной первичный ключ'
) ENGINE=InnoDB DEFAULT CHARSET=utf8 COLLATE=utf8_unicode_ci COMMENT='Участники групп, связь между пользователями и группами';
/*!40101 SET character_set_client = @saved_cs_client */;

--
-- Dumping data for table `communities_users`
--

LOCK TABLES `communities_users` WRITE;
/*!40000 ALTER TABLE `communities_users` DISABLE KEYS */;
INSERT INTO `communities_users` VALUES (1,30,'1993-07-31 23:42:20'),(1,33,'2000-09-23 01:20:42'),(1,40,'2015-03-13 14:56:03'),(1,61,'2003-09-29 14:26:29'),(1,79,'1992-11-12 04:38:35'),(2,19,'1998-04-08 10:44:10'),(2,36,'2017-11-15 10:43:56'),(2,37,'2001-12-17 10:12:19'),(2,38,'1973-01-15 11:11:38'),(2,54,'2016-09-19 03:39:09'),(2,66,'1983-04-10 06:08:01'),(3,77,'1988-11-20 23:47:24'),(3,82,'1998-06-05 11:10:11'),(3,97,'2002-03-07 10:01:22'),(4,18,'2020-04-03 23:27:48'),(4,31,'1997-11-30 01:42:21'),(4,53,'2010-01-04 04:38:13'),(4,64,'2003-03-26 02:26:33'),(4,71,'2014-08-03 11:24:14'),(4,74,'1977-04-01 19:49:07'),(4,90,'1999-08-23 23:29:03'),(5,28,'2003-04-08 04:10:17'),(5,48,'2004-04-08 16:11:59'),(5,49,'1981-09-06 00:57:16'),(5,56,'1975-01-11 06:10:15'),(5,67,'1974-09-02 16:15:02'),(5,81,'1970-11-01 01:29:10'),(6,9,'1977-12-06 00:40:32'),(6,27,'2015-07-13 22:20:39'),(6,39,'2008-03-07 21:36:55'),(6,62,'1980-02-27 12:27:44'),(7,1,'1982-06-05 14:14:35'),(7,29,'1980-05-12 00:39:17'),(7,59,'1976-12-09 14:23:11'),(7,84,'1971-01-27 17:23:47'),(8,21,'2005-04-29 06:51:40'),(8,26,'2003-04-11 07:43:16'),(8,41,'1973-07-24 12:33:58'),(8,43,'1996-04-23 02:34:04'),(8,76,'1985-07-19 19:03:34'),(8,91,'1977-02-07 10:01:34'),(8,92,'2000-07-12 02:30:13'),(9,11,'2012-01-10 13:26:46'),(9,63,'2012-01-24 20:08:51'),(9,73,'1971-06-14 13:11:47'),(9,88,'1982-11-12 19:06:07'),(10,10,'1996-07-16 10:36:13'),(10,50,'1980-06-28 00:01:34'),(10,78,'2009-02-23 15:17:24'),(10,89,'2018-06-27 06:05:23'),(10,99,'1998-05-25 10:24:10'),(10,100,'2013-12-02 04:34:40'),(11,7,'1984-05-26 02:31:28'),(11,57,'1979-03-26 22:53:22'),(11,87,'1983-09-09 08:04:27'),(12,6,'1988-01-01 15:31:46'),(12,45,'2006-03-15 03:27:28'),(12,51,'2011-08-02 23:50:22'),(12,52,'1985-04-23 08:01:37'),(12,60,'2003-01-04 08:48:51'),(12,75,'2005-03-03 18:30:36'),(12,94,'1986-08-24 14:37:52'),(13,17,'1998-05-14 19:19:13'),(13,23,'1980-04-08 05:18:08'),(13,69,'1982-04-09 18:20:12'),(13,70,'1976-01-13 01:59:53'),(14,16,'2020-04-09 14:17:04'),(14,42,'2009-09-22 12:57:39'),(14,46,'1972-11-29 07:22:14'),(14,47,'2017-10-31 03:12:00'),(14,80,'1973-07-07 02:18:25'),(15,3,'1970-04-18 23:47:02'),(15,20,'2003-07-28 08:54:58'),(15,32,'1988-12-13 05:15:11'),(15,44,'2014-06-14 07:59:19'),(15,65,'2010-02-16 07:04:44'),(15,85,'2003-08-21 13:53:18'),(15,86,'1974-02-01 10:31:22'),(15,93,'1976-03-12 15:51:16'),(15,95,'1991-11-05 06:19:28'),(16,4,'1991-06-24 22:09:02'),(16,5,'2018-01-05 12:42:05'),(16,22,'2010-06-26 04:32:30'),(17,12,'2005-07-24 14:09:14'),(17,25,'1990-08-05 21:44:18'),(17,35,'1971-08-26 20:20:54'),(18,13,'2006-12-28 08:34:32'),(18,15,'1974-01-15 01:49:56'),(18,55,'2007-07-03 14:31:24'),(18,68,'1970-08-10 08:20:04'),(18,96,'1994-03-28 23:24:59'),(19,2,'2005-03-06 02:50:04'),(19,14,'1981-01-22 05:24:11'),(19,83,'2019-07-06 12:28:13'),(20,8,'2015-11-17 20:44:35'),(20,24,'2012-11-09 13:26:47'),(20,34,'1993-03-11 05:23:51'),(20,58,'1994-01-13 20:54:27'),(20,72,'1978-02-15 23:33:13'),(20,98,'2001-01-31 20:37:21');
/*!40000 ALTER TABLE `communities_users` ENABLE KEYS */;
UNLOCK TABLES;

--
-- Table structure for table `friendship`
--

DROP TABLE IF EXISTS `friendship`;
/*!40101 SET @saved_cs_client     = @@character_set_client */;
/*!50503 SET character_set_client = utf8mb4 */;
CREATE TABLE `friendship` (
  `user_id` int unsigned NOT NULL COMMENT 'Ссылка на инициатора дружеских отношений',
  `friend_id` int unsigned NOT NULL COMMENT 'Ссылка на получателя приглашения дружить',
  `status_id` int unsigned NOT NULL COMMENT 'Ссылка на статус (текущее состояние) отношений',
  `confirmed_at` datetime DEFAULT NULL COMMENT 'Время подтверждения приглашения',
  `created_at` datetime DEFAULT CURRENT_TIMESTAMP COMMENT 'Время создания строки',
  `updated_at` datetime DEFAULT CURRENT_TIMESTAMP ON UPDATE CURRENT_TIMESTAMP COMMENT 'Время обновления строки',
  `declined_at` datetime DEFAULT NULL,
  PRIMARY KEY (`user_id`,`friend_id`) COMMENT 'Составной первичный ключ'
) ENGINE=InnoDB DEFAULT CHARSET=utf8 COLLATE=utf8_unicode_ci COMMENT='Таблица дружбы';
/*!40101 SET character_set_client = @saved_cs_client */;

--
-- Dumping data for table `friendship`
--

LOCK TABLES `friendship` WRITE;
/*!40000 ALTER TABLE `friendship` DISABLE KEYS */;
INSERT INTO `friendship` VALUES (2,63,3,'1997-04-14 13:45:30','1972-03-31 18:07:26','2020-06-15 08:22:25','2020-06-15 08:22:25'),(2,83,1,'2002-10-09 12:01:18','1992-11-17 04:53:49','2020-06-15 08:18:52',NULL),(3,30,3,'1993-07-02 18:59:19','1999-03-04 23:14:05','2020-06-15 08:17:47',NULL),(5,55,2,'2000-07-29 04:59:59','1981-04-27 20:44:49','2020-06-15 08:18:52',NULL),(5,69,1,'1997-03-11 22:52:01','1987-05-03 18:40:41','2020-06-15 08:18:52',NULL),(5,81,3,'2001-12-30 21:07:42','1983-01-03 00:44:10','2020-06-15 08:22:25','2020-06-15 08:22:25'),(5,100,2,'1994-04-28 22:17:21','2009-01-01 01:19:57','2020-06-15 08:22:25','2020-06-15 08:22:25'),(6,50,1,'2015-11-24 03:52:29','1996-09-26 07:34:13','2020-06-15 08:22:25','2020-06-15 08:22:25'),(7,21,1,'1995-03-01 14:25:30','1984-07-25 07:10:15','2020-06-15 08:18:52',NULL),(7,27,1,'2001-08-12 14:30:52','2013-11-15 05:20:35','2020-06-15 08:17:47',NULL),(7,28,2,'1977-04-16 17:56:08','2007-10-07 16:58:23','2020-06-15 08:18:52',NULL),(7,44,3,'1975-03-09 18:20:39','1983-03-31 13:40:02','2020-06-15 08:18:52',NULL),(7,62,1,'1971-01-22 01:45:11','2010-02-03 06:19:35','2020-06-15 08:18:52',NULL),(8,19,3,'1991-10-02 12:50:43','2003-08-13 15:03:43','2020-06-15 08:17:47',NULL),(8,53,2,'1990-12-03 17:37:41','1977-12-26 03:43:00','2020-06-15 08:18:52',NULL),(9,36,2,'2019-11-19 18:24:57','1992-01-03 03:08:21','2020-06-15 08:18:52',NULL),(9,57,3,'1975-04-16 17:52:33','1985-12-27 11:40:41','2020-06-15 08:18:52',NULL),(9,90,2,'1997-02-04 03:48:28','2016-03-11 20:27:18','2020-06-15 08:17:47',NULL),(10,46,3,'2008-04-17 01:54:17','1995-04-21 00:04:24','2020-06-15 08:22:25','2020-06-15 08:22:25'),(11,12,2,'1995-11-27 22:23:54','1986-03-13 06:17:20','2020-06-15 08:18:52',NULL),(11,43,3,'2001-09-04 20:17:34','1978-07-19 13:20:36','2020-06-15 08:17:47',NULL),(12,17,1,'1977-11-03 10:16:37','2015-02-19 10:26:48','2020-06-15 08:17:47',NULL),(12,45,3,'1975-08-04 09:05:30','2020-02-21 10:04:19','2020-06-15 08:18:52',NULL),(12,49,2,'1996-02-08 12:38:47','1972-12-05 02:01:00','2020-06-15 08:16:05',NULL),(13,77,3,'1989-08-11 10:38:54','1978-03-23 01:46:33','2020-06-15 08:17:47',NULL),(14,57,3,'1981-01-10 03:56:20','2004-01-10 04:32:57','2020-06-15 08:18:52',NULL),(15,25,2,'2015-04-03 22:33:40','2000-02-19 09:57:44','2020-06-15 08:18:52',NULL),(16,42,2,'1990-04-14 18:17:17','1984-05-07 15:41:30','2020-06-15 08:22:25','2020-06-15 08:22:25'),(16,46,3,'1996-03-03 21:05:37','2004-05-23 05:44:05','2020-06-15 08:17:47',NULL),(16,74,1,'1994-02-05 02:15:14','1988-02-03 10:19:39','2020-06-15 08:18:52',NULL),(17,15,2,'1978-08-25 01:16:45','2008-10-15 16:17:17','2020-06-15 08:17:47',NULL),(18,8,3,'2013-01-28 04:18:29','2006-12-13 23:20:44','2020-06-15 08:18:52',NULL),(18,17,1,'2003-03-26 03:32:19','1993-02-27 21:35:44','2020-06-15 08:18:52',NULL),(19,9,1,'1999-04-05 23:23:23','2011-10-10 13:14:58','2020-06-15 08:18:52',NULL),(19,54,1,'1976-09-23 09:26:25','1987-09-21 00:15:39','2020-06-15 08:22:25','2020-06-15 08:22:25'),(19,67,3,'1970-10-03 04:53:30','1993-10-05 00:32:35','2020-06-15 08:16:05',NULL),(19,80,2,'1992-05-14 05:40:14','1992-02-17 22:14:13','2020-06-15 08:18:52',NULL),(20,48,3,'1971-07-28 20:57:16','1979-12-29 07:57:21','2020-06-15 08:18:52',NULL),(20,73,2,'1972-06-18 18:17:08','1999-07-20 08:15:28','2020-06-15 08:18:52',NULL),(21,7,3,'1982-11-27 07:10:23','1990-11-21 05:57:55','2020-06-15 08:16:05',NULL),(22,9,2,'2018-07-16 12:56:38','1984-04-23 12:39:58','2020-06-15 08:17:47',NULL),(22,10,2,'2018-08-29 03:59:05','2011-06-22 03:01:16','2020-06-15 08:18:52',NULL),(22,26,2,'2006-10-06 02:04:58','1996-11-04 06:55:50','2020-06-15 08:16:05',NULL),(22,37,3,'1989-12-02 22:15:01','2004-09-22 17:07:29','2020-06-15 08:18:52',NULL),(24,74,3,'1972-04-30 15:35:57','2003-10-15 20:29:13','2020-06-15 08:18:52',NULL),(24,100,2,'1999-01-20 10:03:48','2008-07-29 21:45:17','2020-06-15 08:18:52',NULL),(25,21,3,'2019-06-02 13:48:11','1975-03-09 07:18:13','2020-06-15 08:17:47',NULL),(27,35,2,'2002-03-09 05:55:57','1981-08-20 22:20:20','2020-06-15 08:17:47',NULL),(27,68,1,'1996-07-22 01:47:35','1971-08-01 14:34:29','2020-06-15 08:18:52',NULL),(28,49,1,'2020-03-02 18:08:03','1989-04-27 12:57:30','2020-06-15 08:18:52',NULL),(28,83,3,'1995-03-23 01:28:29','2005-09-11 13:23:30','2020-06-15 08:17:47',NULL),(29,27,3,'2004-08-31 23:11:32','1977-02-11 00:05:15','2020-06-15 08:18:52',NULL),(30,17,2,'1994-10-06 07:10:01','1972-09-03 06:59:06','2020-06-15 08:18:52',NULL),(31,9,1,'1972-05-17 00:25:26','1980-03-19 11:13:48','2020-06-15 08:22:25','2020-06-15 08:22:25'),(31,92,1,'1978-10-13 14:51:35','2006-10-26 17:04:51','2020-06-15 08:18:52',NULL),(32,10,1,'2000-01-24 08:22:36','1998-11-24 10:08:00','2020-06-15 08:16:05',NULL),(32,63,3,'2003-08-02 12:53:09','1986-08-14 09:17:44','2020-06-15 08:18:52',NULL),(33,36,3,'1988-02-20 18:52:56','1988-06-07 18:21:14','2020-06-15 08:18:52',NULL),(33,60,3,'2001-11-18 07:30:37','1970-01-16 10:42:19','2020-06-15 08:18:52',NULL),(33,66,1,'2000-12-17 22:45:26','2017-04-01 00:31:10','2020-06-15 08:17:47',NULL),(34,23,2,'2009-12-22 04:59:43','1995-05-06 08:07:34','2020-06-15 08:22:25','2020-06-15 08:22:25'),(34,44,1,'1981-06-20 12:31:23','1989-10-14 09:11:04','2020-06-15 08:17:47',NULL),(34,79,2,'1982-11-09 06:07:24','1996-02-15 12:22:59','2020-06-15 08:18:52',NULL),(34,100,1,'1988-06-28 23:00:15','2011-05-02 09:29:45','2020-06-15 08:18:52',NULL),(35,1,1,'2009-11-14 14:35:59','2009-06-19 01:51:18','2020-06-15 08:17:47',NULL),(35,60,1,'1975-05-01 05:06:22','1984-09-01 17:01:13','2020-06-15 08:18:52',NULL),(35,82,1,'2016-06-10 00:29:01','1974-02-08 07:00:56','2020-06-15 08:18:52',NULL),(36,68,3,'1973-09-25 13:48:56','1970-02-02 20:41:44','2020-06-15 08:17:47',NULL),(37,49,2,'2003-11-27 12:52:41','1982-10-17 23:32:23','2020-06-15 08:18:52',NULL),(37,93,3,'1997-09-22 10:32:33','1973-01-21 08:39:08','2020-06-15 08:17:47',NULL),(38,33,3,'1978-12-02 23:51:12','2009-02-02 00:59:30','2020-06-15 08:22:25','2020-06-15 08:22:25'),(38,41,3,'1974-10-31 04:14:53','1988-10-31 12:16:32','2020-06-15 08:22:25','2020-06-15 08:22:25'),(38,42,2,'1974-04-06 18:08:27','2016-10-25 05:17:09','2020-06-15 08:17:47',NULL),(38,75,3,'1980-05-09 23:24:09','1982-01-06 13:04:43','2020-06-15 08:18:52',NULL),(38,78,1,'2014-08-15 13:02:18','1998-04-05 21:37:05','2020-06-15 08:17:47',NULL),(39,86,3,'1979-06-12 06:02:46','1994-08-02 12:48:42','2020-06-15 08:17:47',NULL),(40,29,3,'2010-11-24 01:08:54','2018-11-21 10:46:47','2020-06-15 08:22:25','2020-06-15 08:22:25'),(40,35,1,'1986-10-28 09:23:16','1988-01-04 14:24:53','2020-06-15 08:18:52',NULL),(40,47,2,'2014-08-18 23:20:58','2014-01-12 19:33:00','2020-06-15 08:18:52',NULL),(40,56,3,'2010-09-21 23:50:18','1979-07-04 20:57:52','2020-06-15 08:22:25','2020-06-15 08:22:25'),(41,74,2,'1999-10-09 13:14:28','1988-02-01 02:43:31','2020-06-15 08:22:25','2020-06-15 08:22:25'),(42,26,2,'1979-01-04 06:57:50','1970-12-05 07:42:43','2020-06-15 08:16:05',NULL),(42,31,3,'1994-07-05 21:02:27','2019-06-28 08:00:52','2020-06-15 08:22:25','2020-06-15 08:22:25'),(43,14,1,'2006-02-14 17:25:46','1971-04-25 15:12:41','2020-06-15 08:18:52',NULL),(43,60,3,'1989-10-21 15:10:18','2006-10-18 10:45:41','2020-06-15 08:18:52',NULL),(43,97,3,'2015-05-24 14:24:42','2019-04-23 09:35:28','2020-06-15 08:17:47',NULL),(44,46,3,'1991-12-08 01:15:09','1999-11-22 09:03:29','2020-06-15 08:17:47',NULL),(45,10,1,'1986-02-27 20:46:29','2012-04-24 18:50:14','2020-06-15 08:22:25','2020-06-15 08:22:25'),(45,67,2,'2015-04-23 17:53:47','1977-02-04 14:56:51','2020-06-15 08:18:52',NULL),(45,68,1,'2015-02-04 12:07:50','1971-03-13 20:02:54','2020-06-15 08:18:52',NULL),(45,71,1,'2015-10-11 23:12:08','2016-01-16 16:50:38','2020-06-15 08:17:47',NULL),(45,73,3,'1999-05-28 14:49:27','2012-01-17 14:39:29','2020-06-15 08:18:52',NULL),(45,98,2,'1979-08-21 22:16:54','1973-08-11 15:55:44','2020-06-15 08:18:52',NULL),(46,92,3,'2009-06-26 03:48:52','2013-11-04 22:02:15','2020-06-15 08:18:52',NULL),(47,10,3,'1977-05-10 08:21:40','1998-02-10 07:12:56','2020-06-15 08:17:47',NULL),(47,40,2,'2019-09-26 02:24:18','2008-04-11 17:08:41','2020-06-15 08:18:52',NULL),(47,44,2,'1981-11-08 18:42:36','1976-09-14 18:21:55','2020-06-15 08:22:25','2020-06-15 08:22:25'),(48,11,1,'2011-07-20 22:25:55','1975-05-31 21:53:09','2020-06-15 08:18:52',NULL),(48,24,2,'1999-04-02 04:54:05','1989-11-05 08:16:31','2020-06-15 08:16:05',NULL),(51,83,1,'2014-01-10 22:38:43','1971-03-01 00:43:43','2020-06-15 08:17:47',NULL),(52,26,1,'2015-03-12 15:13:53','2001-04-04 00:44:22','2020-06-15 08:18:52',NULL),(52,29,3,'1999-04-10 00:28:36','1997-04-24 01:10:50','2020-06-15 08:18:52',NULL),(52,94,1,'2004-07-25 03:39:07','2017-04-25 08:17:20','2020-06-15 08:17:47',NULL),(53,17,1,'1978-05-26 16:47:43','1984-07-03 21:03:16','2020-06-15 08:18:52',NULL),(53,28,2,'1995-07-21 09:55:19','1982-08-14 21:11:53','2020-06-15 08:22:25','2020-06-15 08:22:25'),(53,42,1,'1970-05-23 01:54:14','2006-12-21 10:53:57','2020-06-15 08:18:52',NULL),(54,68,1,'2013-12-18 09:31:35','1997-04-05 22:10:58','2020-06-15 08:17:47',NULL),(55,63,1,'2007-03-12 21:46:10','2001-09-11 07:10:58','2020-06-15 08:17:47',NULL),(56,30,3,'2004-01-12 03:32:02','1978-02-11 15:55:09','2020-06-15 08:18:52',NULL),(56,34,2,'2013-10-13 03:17:03','1977-07-03 08:40:01','2020-06-15 08:18:52',NULL),(56,85,2,'1974-07-01 10:18:12','1990-02-11 17:57:17','2020-06-15 08:22:25','2020-06-15 08:22:25'),(57,18,3,'2001-04-08 08:32:23','1970-08-24 04:12:15','2020-06-15 08:16:05',NULL),(57,24,2,'1993-01-09 00:27:38','2008-02-13 02:09:54','2020-06-15 08:16:05',NULL),(57,57,3,'1987-02-14 03:43:31','2011-08-01 17:33:16','2020-06-15 08:18:52',NULL),(57,75,1,'2017-06-23 11:51:33','1977-05-25 06:51:04','2020-06-15 08:18:52',NULL),(58,32,2,'2011-11-06 19:48:43','1995-05-22 10:58:27','2020-06-15 08:18:52',NULL),(58,43,1,'1977-09-17 19:12:24','1987-09-06 11:29:00','2020-06-15 08:18:52',NULL),(58,61,3,'1977-11-14 21:37:57','1996-02-25 03:40:57','2020-06-15 08:17:47',NULL),(60,43,1,'2007-12-22 02:26:54','2001-08-25 17:43:59','2020-06-15 08:18:52',NULL),(60,44,1,'1993-11-12 03:10:49','2015-06-17 15:20:52','2020-06-15 08:18:52',NULL),(61,53,3,'1978-01-14 11:26:42','1970-01-06 10:08:16','2020-06-15 08:18:52',NULL),(61,58,3,'1988-12-09 13:03:30','1979-07-20 02:06:51','2020-06-15 08:16:05',NULL),(61,92,2,'1970-09-17 08:25:21','1999-11-08 09:06:54','2020-06-15 08:18:52',NULL),(62,11,2,'1996-09-28 11:38:35','2003-02-01 02:06:34','2020-06-15 08:18:52',NULL),(62,76,1,'2002-12-13 06:17:55','1991-03-09 09:27:53','2020-06-15 08:18:52',NULL),(64,57,2,'1985-11-28 22:19:30','1980-04-10 00:10:23','2020-06-15 08:18:52',NULL),(64,96,3,'2019-05-04 17:00:27','1987-05-14 08:37:16','2020-06-15 08:18:52',NULL),(65,41,1,'1997-03-14 22:15:11','1980-10-25 02:56:32','2020-06-15 08:18:52',NULL),(66,10,3,'2010-01-02 21:30:19','2001-02-02 16:57:20','2020-06-15 08:16:05',NULL),(66,11,3,'1982-04-19 01:21:51','2009-05-30 18:38:09','2020-06-15 08:18:52',NULL),(66,54,3,'2015-04-08 22:08:01','2005-07-25 15:44:54','2020-06-15 08:17:47',NULL),(67,3,1,'1985-09-25 09:36:56','1978-03-23 17:46:03','2010-04-06 06:06:26',NULL),(67,95,3,'1990-08-12 19:53:28','2014-05-22 20:45:37','2020-06-15 08:18:52',NULL),(67,97,2,'1987-12-13 11:43:08','2012-04-05 16:37:32','2020-06-15 08:22:25','2020-06-15 08:22:25'),(68,47,1,'1973-10-18 16:28:32','1979-10-05 20:15:18','2020-06-15 08:18:52',NULL),(68,82,3,'1982-09-25 12:10:40','1988-07-18 02:30:59','2020-06-15 08:16:05',NULL),(69,58,1,'1990-03-26 22:09:28','1975-05-06 08:02:21','2020-06-15 08:18:52',NULL),(69,74,3,'2019-01-15 14:19:37','1981-11-11 23:15:27','2020-06-15 08:18:52',NULL),(70,19,1,'1994-04-03 09:38:32','2010-07-13 15:30:53','2020-06-15 08:18:52',NULL),(70,45,1,'2004-02-06 07:12:42','1996-06-24 17:08:27','2020-06-15 08:18:52',NULL),(70,80,2,'2002-07-09 10:11:25','1975-07-21 12:31:49','2020-06-15 08:18:52',NULL),(70,81,3,'2006-04-09 16:09:40','1977-08-25 19:16:48','2020-06-15 08:22:25','2020-06-15 08:22:25'),(71,24,3,'1971-07-07 15:56:05','2016-02-18 07:52:38','2020-06-15 08:22:25','2020-06-15 08:22:25'),(71,92,2,'1986-07-16 04:44:28','2005-12-26 18:42:38','2020-06-15 08:18:52',NULL),(72,28,2,'1990-02-06 12:59:24','1985-02-02 14:56:16','2020-06-15 08:18:52',NULL),(72,46,1,'1973-01-04 18:10:46','2010-04-30 08:53:12','2020-06-15 08:17:47',NULL),(72,47,3,'1978-12-15 15:46:45','2014-01-25 16:50:31','2020-06-15 08:16:05',NULL),(72,98,2,'2015-01-20 18:40:15','2016-04-04 04:02:00','2020-06-15 08:18:52',NULL),(73,55,2,'2011-05-24 08:27:53','1977-04-30 20:51:07','2020-06-15 08:22:25','2020-06-15 08:22:25'),(73,76,2,'2001-12-19 04:14:07','2002-04-04 19:48:56','2020-06-15 08:16:05',NULL),(74,46,1,'1992-01-26 02:45:28','1996-08-15 13:09:19','2020-06-15 08:18:52',NULL),(74,76,3,'2017-09-07 13:25:59','2013-07-10 23:47:23','2020-06-15 08:16:05',NULL),(75,30,3,'2005-03-24 21:29:09','1980-04-23 00:11:20','2020-06-15 08:18:52',NULL),(75,34,2,'2009-04-01 08:27:52','1986-05-29 08:28:54','2020-06-15 08:18:52',NULL),(75,60,1,'2014-01-30 16:07:30','1970-03-20 14:15:12','2020-06-15 08:18:52',NULL),(76,38,3,'1995-04-22 12:24:17','2006-07-26 17:48:07','2020-06-15 08:22:25','2020-06-15 08:22:25'),(76,71,3,'1973-02-22 16:36:49','1992-05-09 05:19:54','2020-06-15 08:17:47',NULL),(77,9,2,'2005-12-18 21:47:46','1990-05-16 20:19:30','2020-06-15 08:18:52',NULL),(77,31,3,'2018-08-08 22:41:06','1971-05-14 04:32:43','2020-06-15 08:18:52',NULL),(78,31,2,'2011-09-27 21:40:01','2018-03-12 06:18:01','2020-06-15 08:18:52',NULL),(78,34,3,'1980-05-03 03:27:42','1979-05-09 02:19:50','2020-06-15 08:22:25','2020-06-15 08:22:25'),(78,37,1,'1986-08-01 19:16:10','2007-06-26 04:56:18','2020-06-15 08:16:05',NULL),(78,81,1,'2010-05-09 12:55:29','1986-11-05 13:16:41','2020-06-15 08:18:52',NULL),(78,89,1,'1992-11-23 13:13:58','1984-11-30 00:14:56','2020-06-15 08:18:52',NULL),(80,8,1,'1984-07-09 17:29:17','2006-12-09 17:20:03','2020-06-15 08:18:52',NULL),(81,61,2,'1983-04-03 10:52:17','1971-01-26 17:49:13','2020-06-15 08:18:52',NULL),(81,72,2,'2002-12-15 22:43:57','1992-05-17 00:00:01','2020-06-15 08:22:25','2020-06-15 08:22:25'),(83,9,1,'2017-03-16 10:18:51','2000-05-09 14:12:34','2020-06-15 08:18:52',NULL),(85,37,1,'1993-11-05 22:10:58','2000-05-22 05:16:23','2020-06-15 08:18:52',NULL),(85,69,1,'2012-01-11 09:44:05','1975-10-20 10:43:50','2020-06-15 08:18:52',NULL),(86,1,3,'1988-09-08 09:57:48','1981-10-19 04:19:25','2020-06-15 08:17:47',NULL),(86,57,1,'2011-07-22 06:24:01','1980-10-20 11:05:59','2020-06-15 08:17:47',NULL),(86,82,3,'1988-10-08 11:30:23','2001-02-24 19:11:30','2020-06-15 08:22:25','2020-06-15 08:22:25'),(87,66,3,'2018-08-15 17:28:53','2009-03-19 18:57:31','2020-06-15 08:22:25','2020-06-15 08:22:25'),(87,73,1,'2004-08-26 09:33:21','2013-08-24 20:15:21','2020-06-15 08:18:52',NULL),(88,13,2,'2013-06-02 09:59:00','2004-08-21 00:28:36','2020-06-15 08:18:52',NULL),(88,37,1,'2008-01-07 13:08:50','1979-07-18 13:14:53','2020-06-15 08:18:52',NULL),(90,64,1,'1990-10-13 13:12:43','2018-02-03 20:44:52','2020-06-15 08:18:52',NULL),(90,98,1,'2015-06-25 02:50:00','2010-01-21 14:10:12','2020-06-15 08:18:52',NULL),(91,14,1,'1970-06-03 08:05:34','2000-09-12 06:34:23','2020-06-15 08:16:05',NULL),(91,34,2,'1973-12-19 10:11:41','1982-05-25 07:40:02','2020-06-15 08:17:47',NULL),(91,72,2,'2016-03-16 21:59:08','1997-01-30 11:52:19','2020-06-15 08:16:05',NULL),(91,98,3,'1982-03-02 07:56:31','1981-06-15 11:25:22','2006-09-26 03:46:56',NULL),(92,46,1,'1978-04-23 07:08:03','1980-04-16 20:02:51','2020-06-15 08:16:05',NULL),(92,75,2,'2003-03-03 07:42:37','1975-12-25 11:42:05','2020-06-15 08:22:25','2020-06-15 08:22:25'),(93,10,1,'1975-01-10 14:49:04','2017-11-08 16:20:36','2020-06-15 08:18:52',NULL),(93,17,3,'2006-08-10 11:14:05','2006-03-30 13:24:19','2020-06-15 08:18:52',NULL),(93,27,1,'2005-09-25 16:29:19','1976-09-15 09:12:26','2020-06-15 08:18:52',NULL),(93,48,2,'2006-12-21 22:19:12','2018-12-15 18:15:13','2020-06-15 08:22:25','2020-06-15 08:22:25'),(93,53,1,'1987-04-26 17:11:45','1974-10-23 10:36:53','2020-06-15 08:18:52',NULL),(95,55,1,'1985-05-31 08:44:51','2010-07-29 02:25:03','2020-06-15 08:17:47',NULL),(96,54,1,'1976-04-21 17:06:59','2010-10-11 05:21:25','2020-06-15 08:17:47',NULL),(97,19,3,'2020-05-15 08:48:31','1976-06-11 09:30:58','2020-06-15 08:22:25','2020-06-15 08:22:25'),(97,21,1,'1982-06-23 17:51:49','2017-06-16 04:15:00','2020-06-15 08:17:47',NULL),(97,36,1,'2007-04-01 12:16:42','2001-11-20 12:19:51','2020-06-15 08:18:52',NULL),(98,4,1,'1985-08-20 13:24:03','2006-08-01 12:48:18','2020-06-15 08:18:52',NULL),(99,51,1,'2003-08-25 04:39:36','2015-09-21 20:25:26','2020-06-15 08:17:47',NULL),(99,99,3,'1974-07-22 19:21:47','2013-09-20 00:10:01','2020-06-15 08:18:52',NULL),(100,70,3,'1973-09-17 11:47:28','2008-11-12 13:30:20','2020-06-15 08:22:25','2020-06-15 08:22:25'),(100,79,2,'1988-09-30 20:01:46','1972-11-07 12:24:15','2020-06-15 08:18:52',NULL);
/*!40000 ALTER TABLE `friendship` ENABLE KEYS */;
UNLOCK TABLES;

--
-- Table structure for table `friendship_statuses`
--

DROP TABLE IF EXISTS `friendship_statuses`;
/*!40101 SET @saved_cs_client     = @@character_set_client */;
/*!50503 SET character_set_client = utf8mb4 */;
CREATE TABLE `friendship_statuses` (
  `id` int unsigned NOT NULL AUTO_INCREMENT COMMENT 'Идентификатор строки',
  `name` varchar(150) CHARACTER SET utf8 COLLATE utf8_unicode_ci NOT NULL COMMENT 'Название статуса',
  `created_at` datetime DEFAULT CURRENT_TIMESTAMP COMMENT 'Время создания строки',
  `updated_at` datetime DEFAULT CURRENT_TIMESTAMP ON UPDATE CURRENT_TIMESTAMP COMMENT 'Время обновления строки',
  PRIMARY KEY (`id`),
  UNIQUE KEY `name` (`name`)
) ENGINE=InnoDB AUTO_INCREMENT=4 DEFAULT CHARSET=utf8 COLLATE=utf8_unicode_ci COMMENT='Статусы дружбы';
/*!40101 SET character_set_client = @saved_cs_client */;

--
-- Dumping data for table `friendship_statuses`
--

LOCK TABLES `friendship_statuses` WRITE;
/*!40000 ALTER TABLE `friendship_statuses` DISABLE KEYS */;
INSERT INTO `friendship_statuses` VALUES (1,'Requested','2020-06-15 08:10:52','2020-06-15 08:10:52'),(2,'Confirmed','2020-06-15 08:10:52','2020-06-15 08:10:52'),(3,'Rejected','2020-06-15 08:10:52','2020-06-15 08:10:52');
/*!40000 ALTER TABLE `friendship_statuses` ENABLE KEYS */;
UNLOCK TABLES;

--
-- Table structure for table `media`
--

DROP TABLE IF EXISTS `media`;
/*!40101 SET @saved_cs_client     = @@character_set_client */;
/*!50503 SET character_set_client = utf8mb4 */;
CREATE TABLE `media` (
  `id` int unsigned NOT NULL AUTO_INCREMENT COMMENT 'Идентификатор строки',
  `user_id` int unsigned NOT NULL COMMENT 'Ссылка на пользователя, который загрузил файл',
  `filename` varchar(255) CHARACTER SET utf8 COLLATE utf8_unicode_ci NOT NULL COMMENT 'Путь к файлу',
  `size` int NOT NULL COMMENT 'Размер файла',
  `metadata` json DEFAULT NULL,
  `media_type_id` int unsigned NOT NULL COMMENT 'Ссылка на тип контента',
  `created_at` datetime DEFAULT CURRENT_TIMESTAMP COMMENT 'Время создания строки',
  `updated_at` datetime DEFAULT CURRENT_TIMESTAMP ON UPDATE CURRENT_TIMESTAMP COMMENT 'Время обновления строки',
  PRIMARY KEY (`id`),
  CONSTRAINT `media_chk_1` CHECK (json_valid(`metadata`))
) ENGINE=InnoDB AUTO_INCREMENT=101 DEFAULT CHARSET=utf8 COLLATE=utf8_unicode_ci COMMENT='Медиафайлы';
/*!40101 SET character_set_client = @saved_cs_client */;

--
-- Dumping data for table `media`
--

LOCK TABLES `media` WRITE;
/*!40000 ALTER TABLE `media` DISABLE KEYS */;
INSERT INTO `media` VALUES (1,62,'https://dropbox/vk/vel.jpeg',7343,'{\"owner\": \"Riley Bogan\"}',1,'2015-10-18 08:24:19','2020-06-15 07:51:40'),(2,3,'https://dropbox/vk/quasi.png',333554,'{\"owner\": \"Bernadine Lueilwitz\"}',3,'2016-09-15 13:18:27','2020-06-15 07:51:40'),(3,30,'https://dropbox/vk/eaque.avi',133194,'{\"owner\": \"Carlie Boehm\"}',1,'1978-08-01 12:42:50','2020-06-15 07:51:40'),(4,40,'https://dropbox/vk/accusamus.mpeg',5279862,'{\"owner\": \"Maria Abshire\"}',2,'1994-10-30 07:43:47','2020-06-15 07:51:40'),(5,8,'https://dropbox/vk/quibusdam.png',64451,'{\"owner\": \"Gaylord Bahringer\"}',3,'2017-09-02 10:09:43','2020-06-15 07:51:40'),(6,20,'https://dropbox/vk/at.png',67456004,'{\"owner\": \"Kaylie Hyatt\"}',1,'2008-01-04 02:16:49','2020-06-15 07:51:40'),(7,75,'https://dropbox/vk/non.jpeg',655307,'{\"owner\": \"Darrel Padberg\"}',1,'2011-01-31 07:59:49','2020-06-15 07:51:40'),(8,14,'https://dropbox/vk/dolorem.jpeg',472457598,'{\"owner\": \"Reinhold Erdman\"}',2,'1998-08-06 00:13:23','2020-06-15 07:51:40'),(9,47,'https://dropbox/vk/excepturi.avi',5622836,'{\"owner\": \"Louisa O\'Hara\"}',2,'1972-05-05 02:24:10','2020-06-15 07:51:40'),(10,90,'https://dropbox/vk/porro.png',8967095,'{\"owner\": \"Crystal Pfeffer\"}',3,'2004-02-18 16:34:34','2020-06-15 07:51:40'),(11,9,'https://dropbox/vk/et.png',866956,'{\"owner\": \"Edwin Macejkovic\"}',1,'2013-10-25 05:11:37','2020-06-15 07:51:40'),(12,74,'https://dropbox/vk/occaecati.png',259448,'{\"owner\": \"Porter Weissnat\"}',3,'1981-09-19 19:22:46','2020-06-15 07:51:40'),(13,44,'https://dropbox/vk/id.png',358857,'{\"owner\": \"Josianne Moen\"}',1,'1980-10-26 12:13:49','2020-06-15 07:51:40'),(14,95,'https://dropbox/vk/aut.png',183418,'{\"owner\": \"Gerald Bosco\"}',3,'1978-07-15 02:16:48','2020-06-15 07:51:40'),(15,44,'https://dropbox/vk/quaerat.png',830519,'{\"owner\": \"Josianne Moen\"}',2,'1983-08-07 19:51:07','2020-06-15 07:51:40'),(16,36,'https://dropbox/vk/sit.png',963085197,'{\"owner\": \"Alvah Schneider\"}',3,'2007-07-07 03:54:04','2020-06-15 07:51:40'),(17,47,'https://dropbox/vk/illo.jpeg',8417520,'{\"owner\": \"Louisa O\'Hara\"}',1,'1990-12-03 22:10:41','2020-06-15 07:51:40'),(18,24,'https://dropbox/vk/ipsa.png',743408,'{\"owner\": \"Toney Ratke\"}',3,'1985-09-02 06:29:23','2020-06-15 07:51:40'),(19,80,'https://dropbox/vk/accusantium.avi',930699,'{\"owner\": \"Alexys Kling\"}',2,'2004-07-14 19:14:59','2020-06-15 07:51:40'),(20,28,'https://dropbox/vk/blanditiis.mpeg',5887412,'{\"owner\": \"Janae White\"}',2,'2017-06-08 21:49:02','2020-06-15 07:51:40'),(21,98,'https://dropbox/vk/eos.avi',2697119,'{\"owner\": \"Eliezer Nicolas\"}',2,'1998-07-28 05:14:12','2020-06-15 07:51:40'),(22,8,'https://dropbox/vk/doloribus.mpeg',175859,'{\"owner\": \"Gaylord Bahringer\"}',1,'1993-05-24 19:16:04','2020-06-15 07:51:40'),(23,44,'https://dropbox/vk/perferendis.jpeg',592341,'{\"owner\": \"Josianne Moen\"}',2,'1979-06-16 08:03:21','2020-06-15 07:51:40'),(24,96,'https://dropbox/vk/nobis.avi',460149,'{\"owner\": \"Hillary O\'Reilly\"}',2,'2017-07-22 22:01:15','2020-06-15 07:51:40'),(25,46,'https://dropbox/vk/odio.avi',701720,'{\"owner\": \"Trevor Kulas\"}',2,'1988-10-02 10:48:54','2020-06-15 07:51:40'),(26,44,'https://dropbox/vk/iusto.mpeg',513722,'{\"owner\": \"Josianne Moen\"}',2,'1988-03-28 00:22:05','2020-06-15 07:51:40'),(27,81,'https://dropbox/vk/ut.avi',178163,'{\"owner\": \"Melody Kilback\"}',1,'2009-06-27 08:56:45','2020-06-15 07:51:40'),(28,73,'https://dropbox/vk/repellendus.jpeg',339650,'{\"owner\": \"Trent Bogan\"}',3,'1970-02-10 05:12:36','2020-06-15 07:51:40'),(29,23,'https://dropbox/vk/ut.png',153763,'{\"owner\": \"Modesta Bauch\"}',3,'1989-12-27 14:35:08','2020-06-15 07:51:40'),(30,93,'https://dropbox/vk/enim.png',739864,'{\"owner\": \"Willy Orn\"}',3,'2011-03-29 10:36:52','2020-06-15 07:51:40'),(31,97,'https://dropbox/vk/culpa.jpeg',2683254,'{\"owner\": \"Allan Torp\"}',2,'1971-08-12 09:21:21','2020-06-15 07:51:40'),(32,4,'https://dropbox/vk/tempora.png',228033,'{\"owner\": \"Raphael Skiles\"}',3,'2015-08-07 14:53:38','2020-06-15 07:51:40'),(33,31,'https://dropbox/vk/voluptatum.jpeg',6016953,'{\"owner\": \"Marcel Goldner\"}',1,'1974-01-07 10:23:17','2020-06-15 07:51:40'),(34,41,'https://dropbox/vk/vero.avi',21227,'{\"owner\": \"Beth Torp\"}',2,'2003-11-19 05:17:44','2020-06-15 07:51:40'),(35,11,'https://dropbox/vk/laudantium.avi',910571,'{\"owner\": \"Viola Ward\"}',3,'2010-02-22 23:07:10','2020-06-15 07:51:40'),(36,31,'https://dropbox/vk/officia.mpeg',926493085,'{\"owner\": \"Marcel Goldner\"}',3,'1993-05-17 09:39:34','2020-06-15 07:51:40'),(37,22,'https://dropbox/vk/impedit.avi',858757,'{\"owner\": \"Ocie Walker\"}',2,'1992-11-01 21:05:59','2020-06-15 07:51:40'),(38,18,'https://dropbox/vk/iure.avi',349854,'{\"owner\": \"Vergie Stamm\"}',1,'2009-12-04 15:43:01','2020-06-15 07:51:40'),(39,22,'https://dropbox/vk/repellat.avi',552071,'{\"owner\": \"Ocie Walker\"}',2,'1996-02-24 23:17:06','2020-06-15 07:51:40'),(40,56,'https://dropbox/vk/est.png',73043,'{\"owner\": \"Antonio Kilback\"}',2,'2009-06-24 21:06:02','2020-06-15 07:51:40'),(41,13,'https://dropbox/vk/hic.jpeg',1494759,'{\"owner\": \"Myrna Moore\"}',1,'1984-03-31 08:32:28','2020-06-15 07:51:40'),(42,95,'https://dropbox/vk/aut.png',1667486,'{\"owner\": \"Gerald Bosco\"}',2,'1981-06-27 22:51:38','2020-06-15 07:51:40'),(43,36,'https://dropbox/vk/temporibus.avi',62617752,'{\"owner\": \"Alvah Schneider\"}',1,'1970-12-22 14:32:17','2020-06-15 07:51:40'),(44,95,'https://dropbox/vk/fugiat.avi',97264054,'{\"owner\": \"Gerald Bosco\"}',3,'1976-04-03 06:55:08','2020-06-15 07:51:40'),(45,68,'https://dropbox/vk/est.avi',72512,'{\"owner\": \"Bryana Ziemann\"}',1,'2009-01-31 16:27:01','2020-06-15 07:51:40'),(46,52,'https://dropbox/vk/aliquid.png',174086,'{\"owner\": \"Celestine Reinger\"}',2,'2005-07-07 15:09:14','2020-06-15 07:51:40'),(47,57,'https://dropbox/vk/id.png',204217,'{\"owner\": \"Braxton Shanahan\"}',3,'2019-10-02 16:33:30','2020-06-15 07:51:40'),(48,27,'https://dropbox/vk/pariatur.mpeg',99597241,'{\"owner\": \"Coty Bednar\"}',3,'1986-09-27 00:37:45','2020-06-15 07:51:40'),(49,62,'https://dropbox/vk/veritatis.mpeg',7900,'{\"owner\": \"Riley Bogan\"}',1,'2013-10-25 16:13:19','2020-06-15 07:51:40'),(50,32,'https://dropbox/vk/praesentium.png',22984362,'{\"owner\": \"Orville Lowe\"}',1,'1973-04-14 08:42:00','2020-06-15 07:51:40'),(51,72,'https://dropbox/vk/consectetur.mpeg',825379643,'{\"owner\": \"Amari Turner\"}',2,'1976-10-12 04:54:01','2020-06-15 07:51:40'),(52,65,'https://dropbox/vk/officiis.jpeg',79621,'{\"owner\": \"Rachel Green\"}',3,'2008-08-23 01:28:13','2020-06-15 07:51:40'),(53,7,'https://dropbox/vk/consequuntur.jpeg',513261,'{\"owner\": \"Ricky Gerhold\"}',2,'1984-08-01 09:55:16','2020-06-15 07:51:40'),(54,40,'https://dropbox/vk/ut.avi',488827,'{\"owner\": \"Maria Abshire\"}',3,'1974-06-17 10:59:15','2020-06-15 07:51:40'),(55,77,'https://dropbox/vk/natus.jpeg',746666694,'{\"owner\": \"Herbert Welch\"}',3,'2019-09-14 18:35:02','2020-06-15 07:51:40'),(56,63,'https://dropbox/vk/veritatis.png',4203,'{\"owner\": \"Thaddeus Thiel\"}',3,'1974-06-05 08:13:08','2020-06-15 07:51:40'),(57,87,'https://dropbox/vk/et.avi',821483,'{\"owner\": \"Larissa McClure\"}',1,'1993-01-05 13:53:51','2020-06-15 07:51:40'),(58,45,'https://dropbox/vk/repellat.jpeg',727717259,'{\"owner\": \"Desiree Tillman\"}',3,'2002-01-31 20:39:04','2020-06-15 07:51:40'),(59,64,'https://dropbox/vk/voluptas.jpeg',89787,'{\"owner\": \"Jaylon Jacobs\"}',2,'1976-01-28 11:17:22','2020-06-15 07:51:40'),(60,85,'https://dropbox/vk/in.avi',630937,'{\"owner\": \"Nelson Legros\"}',1,'2019-05-15 18:19:38','2020-06-15 07:51:40'),(61,32,'https://dropbox/vk/voluptate.mpeg',680235,'{\"owner\": \"Orville Lowe\"}',2,'1997-11-03 17:27:30','2020-06-15 07:51:40'),(62,5,'https://dropbox/vk/non.avi',9279,'{\"owner\": \"Janick Barton\"}',1,'2002-03-07 05:41:12','2020-06-15 07:51:40'),(63,27,'https://dropbox/vk/quisquam.jpeg',3886636,'{\"owner\": \"Coty Bednar\"}',3,'2001-08-29 21:09:48','2020-06-15 07:51:40'),(64,20,'https://dropbox/vk/iste.jpeg',2512781,'{\"owner\": \"Kaylie Hyatt\"}',2,'2015-04-07 04:36:14','2020-06-15 07:51:40'),(65,18,'https://dropbox/vk/placeat.mpeg',73972864,'{\"owner\": \"Vergie Stamm\"}',2,'2012-10-09 18:41:49','2020-06-15 07:51:40'),(66,31,'https://dropbox/vk/sint.mpeg',2179,'{\"owner\": \"Marcel Goldner\"}',2,'1996-06-15 16:41:11','2020-06-15 07:51:40'),(67,99,'https://dropbox/vk/rerum.avi',498367,'{\"owner\": \"Camylle Rice\"}',2,'1994-08-13 23:25:25','2020-06-15 07:51:40'),(68,4,'https://dropbox/vk/quos.jpeg',5961816,'{\"owner\": \"Raphael Skiles\"}',3,'1997-08-13 00:22:20','2020-06-15 07:51:40'),(69,20,'https://dropbox/vk/tempora.avi',441130,'{\"owner\": \"Kaylie Hyatt\"}',1,'1994-07-13 00:15:58','2020-06-15 07:51:40'),(70,88,'https://dropbox/vk/sunt.mpeg',700549,'{\"owner\": \"Amara Davis\"}',1,'2017-10-07 00:34:06','2020-06-15 07:51:40'),(71,82,'https://dropbox/vk/consequatur.mpeg',169356,'{\"owner\": \"Sydnee Reynolds\"}',2,'2002-07-19 01:36:07','2020-06-15 07:51:40'),(72,42,'https://dropbox/vk/sint.png',735134,'{\"owner\": \"Dena Sauer\"}',1,'1982-08-31 00:30:47','2020-06-15 07:51:40'),(73,66,'https://dropbox/vk/nulla.avi',3423949,'{\"owner\": \"Kale Leannon\"}',3,'2018-03-17 15:13:33','2020-06-15 07:51:40'),(74,3,'https://dropbox/vk/esse.mpeg',7729,'{\"owner\": \"Bernadine Lueilwitz\"}',1,'1984-05-08 23:41:13','2020-06-15 07:51:40'),(75,16,'https://dropbox/vk/aut.avi',89220,'{\"owner\": \"Genesis Mraz\"}',3,'2012-10-01 11:33:55','2020-06-15 07:51:40'),(76,72,'https://dropbox/vk/rerum.mpeg',98796587,'{\"owner\": \"Amari Turner\"}',1,'2016-07-25 17:42:40','2020-06-15 07:51:40'),(77,13,'https://dropbox/vk/amet.avi',27085523,'{\"owner\": \"Myrna Moore\"}',1,'1973-02-27 08:06:19','2020-06-15 07:51:40'),(78,45,'https://dropbox/vk/aut.png',157603,'{\"owner\": \"Desiree Tillman\"}',3,'1997-08-11 22:42:09','2020-06-15 07:51:40'),(79,86,'https://dropbox/vk/similique.jpeg',5822655,'{\"owner\": \"Addie Hammes\"}',1,'2006-12-18 19:40:04','2020-06-15 07:51:40'),(80,93,'https://dropbox/vk/qui.jpeg',572612,'{\"owner\": \"Willy Orn\"}',3,'1976-04-30 21:50:54','2020-06-15 07:51:40'),(81,10,'https://dropbox/vk/sint.avi',380250,'{\"owner\": \"Raegan Marvin\"}',1,'1983-02-27 16:07:57','2020-06-15 07:51:40'),(82,69,'https://dropbox/vk/ut.mpeg',173416,'{\"owner\": \"Kaelyn Stokes\"}',3,'1992-10-17 09:44:18','2020-06-15 07:51:40'),(83,15,'https://dropbox/vk/repellendus.mpeg',83367,'{\"owner\": \"Wilhelmine Simonis\"}',3,'1983-10-16 16:49:59','2020-06-15 07:51:40'),(84,67,'https://dropbox/vk/quis.png',231316708,'{\"owner\": \"Fay Barrows\"}',3,'1987-06-16 16:28:46','2020-06-15 07:51:40'),(85,88,'https://dropbox/vk/qui.avi',96247514,'{\"owner\": \"Amara Davis\"}',2,'1981-06-21 10:55:13','2020-06-15 07:51:40'),(86,38,'https://dropbox/vk/non.jpeg',716332,'{\"owner\": \"Idell Spinka\"}',1,'1999-10-24 18:09:24','2020-06-15 07:51:40'),(87,28,'https://dropbox/vk/commodi.png',99033,'{\"owner\": \"Janae White\"}',2,'2004-08-08 10:31:38','2020-06-15 07:51:40'),(88,24,'https://dropbox/vk/accusantium.png',452697,'{\"owner\": \"Toney Ratke\"}',3,'1982-03-25 04:05:12','2020-06-15 07:51:40'),(89,38,'https://dropbox/vk/in.png',44609,'{\"owner\": \"Idell Spinka\"}',3,'2016-06-07 03:31:58','2020-06-15 07:51:40'),(90,16,'https://dropbox/vk/inventore.jpeg',51412,'{\"owner\": \"Genesis Mraz\"}',2,'1979-04-27 22:28:17','2020-06-15 07:51:40'),(91,66,'https://dropbox/vk/maiores.jpeg',33626,'{\"owner\": \"Kale Leannon\"}',2,'2012-08-02 11:15:24','2020-06-15 07:51:40'),(92,81,'https://dropbox/vk/et.mpeg',56052,'{\"owner\": \"Melody Kilback\"}',2,'1994-03-13 00:47:39','2020-06-15 07:51:40'),(93,8,'https://dropbox/vk/iusto.jpeg',98062,'{\"owner\": \"Gaylord Bahringer\"}',2,'2001-05-31 16:55:43','2020-06-15 07:51:40'),(94,97,'https://dropbox/vk/suscipit.png',63497206,'{\"owner\": \"Allan Torp\"}',3,'1979-11-15 09:04:54','2020-06-15 07:51:40'),(95,59,'https://dropbox/vk/commodi.avi',326076,'{\"owner\": \"Lempi Waters\"}',1,'2018-09-26 17:42:03','2020-06-15 07:51:40'),(96,6,'https://dropbox/vk/enim.png',326197,'{\"owner\": \"Landen Kertzmann\"}',2,'1998-10-02 09:06:49','2020-06-15 07:51:40'),(97,49,'https://dropbox/vk/hic.png',642754,'{\"owner\": \"Michael Wilkinson\"}',3,'1975-05-25 17:21:03','2020-06-15 07:51:40'),(98,29,'https://dropbox/vk/totam.mpeg',73626629,'{\"owner\": \"Loyal Grady\"}',1,'2012-06-22 08:10:07','2020-06-15 07:51:40'),(99,98,'https://dropbox/vk/veniam.jpeg',225181,'{\"owner\": \"Eliezer Nicolas\"}',2,'1978-04-12 06:47:43','2020-06-15 07:51:40'),(100,2,'https://dropbox/vk/sit.png',187642,'{\"owner\": \"Kathryne Huels\"}',3,'1980-07-12 08:30:20','2020-06-15 07:51:40');
/*!40000 ALTER TABLE `media` ENABLE KEYS */;
UNLOCK TABLES;

--
-- Table structure for table `media_types`
--

DROP TABLE IF EXISTS `media_types`;
/*!40101 SET @saved_cs_client     = @@character_set_client */;
/*!50503 SET character_set_client = utf8mb4 */;
CREATE TABLE `media_types` (
  `id` int unsigned NOT NULL AUTO_INCREMENT COMMENT 'Идентификатор строки',
  `name` varchar(255) CHARACTER SET utf8 COLLATE utf8_unicode_ci NOT NULL COMMENT 'Название типа',
  `created_at` datetime DEFAULT CURRENT_TIMESTAMP COMMENT 'Время создания строки',
  `updated_at` datetime DEFAULT CURRENT_TIMESTAMP ON UPDATE CURRENT_TIMESTAMP COMMENT 'Время обновления строки',
  PRIMARY KEY (`id`),
  UNIQUE KEY `name` (`name`)
) ENGINE=InnoDB AUTO_INCREMENT=7 DEFAULT CHARSET=utf8 COLLATE=utf8_unicode_ci COMMENT='Типы медиафайлов';
/*!40101 SET character_set_client = @saved_cs_client */;

--
-- Dumping data for table `media_types`
--

LOCK TABLES `media_types` WRITE;
/*!40000 ALTER TABLE `media_types` DISABLE KEYS */;
INSERT INTO `media_types` VALUES (1,'video','2020-06-15 08:02:46','2020-06-15 08:02:46'),(2,'photo','2020-06-15 08:02:46','2020-06-15 08:02:46'),(3,'audio','2020-06-15 08:02:46','2020-06-15 08:02:46');
/*!40000 ALTER TABLE `media_types` ENABLE KEYS */;
UNLOCK TABLES;

--
-- Table structure for table `messages`
--

DROP TABLE IF EXISTS `messages`;
/*!40101 SET @saved_cs_client     = @@character_set_client */;
/*!50503 SET character_set_client = utf8mb4 */;
CREATE TABLE `messages` (
  `id` int unsigned NOT NULL AUTO_INCREMENT COMMENT 'Идентификатор строки',
  `from_user_id` int unsigned NOT NULL COMMENT 'Ссылка на отправителя сообщения',
  `to_user_id` int unsigned NOT NULL COMMENT 'Ссылка на получателя сообщения',
  `body` text CHARACTER SET utf8 COLLATE utf8_unicode_ci NOT NULL COMMENT 'Текст сообщения',
  `media_id` int unsigned DEFAULT NULL,
  `is_important` tinyint(1) DEFAULT NULL COMMENT 'Признак важности',
  `is_delivered` tinyint(1) DEFAULT NULL COMMENT 'Признак доставки',
  `created_at` datetime DEFAULT CURRENT_TIMESTAMP COMMENT 'Время создания строки',
  PRIMARY KEY (`id`)
) ENGINE=InnoDB AUTO_INCREMENT=101 DEFAULT CHARSET=utf8 COLLATE=utf8_unicode_ci COMMENT='Сообщения';
/*!40101 SET character_set_client = @saved_cs_client */;

--
-- Dumping data for table `messages`
--

LOCK TABLES `messages` WRITE;
/*!40000 ALTER TABLE `messages` DISABLE KEYS */;
INSERT INTO `messages` VALUES (1,46,3,'Voluptas vel voluptatum adipisci omnis fugit reiciendis beatae. Incidunt nisi beatae sit. Consequatur aut id amet et et vel.',NULL,0,0,'2009-08-09 21:05:04'),(2,73,46,'Id et assumenda laboriosam magni nihil eveniet. Est accusantium quis mollitia. Esse facilis ipsa maxime dignissimos facilis.',10,0,0,'1984-10-12 18:55:44'),(3,19,78,'Aliquam molestias aut unde dolorem recusandae optio. Voluptatem vero quasi veritatis ut modi eum repellat. Voluptas possimus quibusdam inventore veritatis saepe animi assumenda nam.',NULL,0,0,'2011-04-28 13:41:57'),(4,60,52,'Quo dolore aperiam dignissimos consequuntur. Ea assumenda autem eveniet earum alias laboriosam sit. Ipsum sed ipsa a atque ea quas architecto.',NULL,1,0,'2014-12-11 08:20:19'),(5,61,82,'Aliquid eum harum enim eos nobis. Sapiente qui ut aliquam dignissimos voluptatem et. Beatae ut sed tempora autem quo.',NULL,0,1,'1972-12-06 21:55:17'),(6,53,71,'Et aut iure aliquid rerum iste qui. Voluptatem est saepe explicabo a. Eum laboriosam nulla itaque vel assumenda incidunt odio odit. Minima alias sint vel possimus consequatur cum quidem.',60,0,1,'1991-10-18 22:52:58'),(7,71,20,'Incidunt illum ut illum qui assumenda. Perferendis nulla doloremque deserunt vel. Delectus nesciunt voluptatem et possimus.',NULL,0,1,'1973-10-04 16:02:50'),(8,23,98,'Consectetur fugit iste consequatur. Culpa laboriosam in quis ea mollitia iste ea. Iste eum magnam soluta iste. In eos ad atque id. Qui autem sapiente sapiente temporibus.',9,0,1,'2015-09-14 03:23:17'),(9,79,26,'Animi omnis et vel perspiciatis nostrum quia. Ab fugiat itaque vero voluptas ipsum corporis quaerat labore.',70,1,0,'2000-07-24 21:50:49'),(10,32,58,'Ducimus voluptas delectus aut sunt ut ea non. Consequatur debitis et adipisci doloribus qui nihil. Rerum voluptatibus quia iusto nulla beatae quod. Itaque in sit ratione ducimus maiores eos est.',NULL,0,1,'1978-05-08 17:32:03'),(11,14,54,'Exercitationem qui quidem occaecati quia repellendus minima rem. Architecto ducimus quis modi consectetur nulla. Eum qui voluptatem in. Ullam quis incidunt nemo.',NULL,0,0,'2015-01-07 12:15:09'),(12,59,47,'Dignissimos id nisi ad est et enim. Et minus commodi odit libero vel tempore. Voluptas ut laudantium id voluptas quam vel.',42,0,1,'1994-03-03 04:27:36'),(13,25,2,'Ipsum iure quasi ut consectetur culpa alias. Rerum commodi suscipit exercitationem enim inventore nihil. Qui sint minus id laboriosam. Dignissimos perspiciatis autem voluptas cupiditate.',NULL,1,1,'1977-01-13 09:26:16'),(14,28,49,'Similique cupiditate facere dolorem perferendis illo unde. Et officiis consectetur quaerat enim autem officia.',NULL,1,1,'2014-02-13 16:03:48'),(15,62,27,'Omnis blanditiis animi possimus et vero molestiae. Eveniet alias possimus consequatur quo sunt sed. Qui voluptas ut molestiae incidunt asperiores officiis.',26,1,0,'1992-08-07 23:24:00'),(16,29,7,'Facere odio voluptatibus maxime nemo nihil. Est omnis voluptatem praesentium porro temporibus perferendis magnam error. Ad ut doloremque ipsum ea.',NULL,0,0,'1993-04-10 12:50:32'),(17,29,1,'Mollitia sit sint quasi est dolores necessitatibus. Et reiciendis veniam ullam dignissimos assumenda exercitationem. Odio quasi aut tenetur dignissimos quam ipsam quos omnis.',NULL,0,1,'2009-05-01 16:19:06'),(18,53,48,'Quaerat sequi error rerum eveniet consequatur. Amet molestias ipsam hic magni maxime repudiandae. Minima voluptas ut provident recusandae. Asperiores omnis maiores hic.',51,0,0,'1979-06-29 00:41:16'),(19,79,13,'Nostrum et ut error nam deleniti laboriosam impedit. Consequatur nihil commodi quae aut aperiam.',11,1,1,'1999-01-02 10:28:01'),(20,99,39,'Aliquam molestiae optio ratione id cupiditate. Sapiente eum fugiat amet eius facere aut ut ut. Vitae odio cupiditate qui molestias modi voluptatem occaecati. Nisi accusantium veniam incidunt aut.',49,1,0,'1975-01-06 18:00:42'),(21,94,52,'Ad quaerat dolore quibusdam et odit error minus explicabo. Quisquam quo modi repudiandae enim non et autem. Officiis unde suscipit necessitatibus.',NULL,1,1,'1983-09-06 15:51:27'),(22,10,65,'Possimus minima fuga cumque asperiores laboriosam quos et. Consectetur fugiat vel iste voluptas.',NULL,0,0,'2015-12-02 13:13:39'),(23,72,32,'Laudantium ratione enim qui impedit molestiae. Rerum praesentium quaerat beatae voluptas recusandae est sed. Harum molestiae ipsum tempora. Debitis fuga sapiente vero et.',61,1,1,'1981-03-12 19:51:42'),(24,62,50,'Magni quidem neque tempore voluptas dolor. Quia eligendi excepturi est vel sed sint quos. Quas libero et praesentium.',17,1,1,'1988-03-02 21:09:21'),(25,58,94,'Occaecati eaque ut sequi beatae pariatur. Tempore suscipit ex officiis et sint. Labore ut beatae est expedita sed quae.',63,1,0,'1996-09-25 19:54:14'),(26,8,71,'Sint beatae alias consequatur voluptatum qui officiis necessitatibus illum. Ab consequatur earum cumque molestiae ut harum. Repudiandae nesciunt eveniet et ducimus repellat.',42,1,1,'1970-11-15 04:26:34'),(27,47,66,'Libero ea enim quas sint perferendis est aut. Omnis soluta sunt est repellendus dicta numquam dolorum. Odit laudantium perferendis sint id accusantium eveniet.',NULL,1,0,'2003-05-31 07:37:32'),(28,17,71,'Et voluptates et molestias laborum provident. Sed repellendus consectetur unde rerum et commodi et rem. Aut doloremque quae laborum molestiae.',NULL,0,0,'2004-11-25 04:08:44'),(29,68,45,'Labore ut fugiat quos fugit ex tempore. Ut illum maiores voluptatem soluta nemo atque et.',NULL,1,1,'2015-09-18 03:28:23'),(30,20,30,'Expedita repellendus quo eius omnis ullam aut. Deleniti neque atque autem fugit odit nulla. Numquam eius quibusdam sapiente sequi.',NULL,0,0,'1971-04-13 12:55:04'),(31,72,48,'Incidunt rem dolorem omnis qui aut blanditiis. Molestiae fugit dolore mollitia aut rem quam qui. Nihil veritatis eum similique placeat.',23,0,0,'1998-10-20 02:11:29'),(32,36,1,'Fugiat at voluptates nisi quia eos. Ipsum laborum adipisci autem amet est at. Et deleniti quam tenetur labore ut. Neque velit ut facilis ut earum dolorum quasi. Blanditiis repudiandae possimus dignissimos magni dolorem possimus voluptas.',37,0,1,'2004-08-08 23:51:14'),(33,49,88,'Debitis dolorem natus sunt. Iure rerum et quam quisquam corporis esse praesentium. Praesentium ut quam quam consectetur consequatur.',NULL,0,0,'2003-05-12 20:26:51'),(34,48,27,'Nemo amet ut quo magnam libero. Tempora officia dignissimos atque aut. Ipsum sed ullam qui ipsam qui debitis rerum. Et et et vel eveniet dolorum eius non.',NULL,0,1,'1975-04-01 21:23:46'),(35,100,47,'Excepturi illum inventore consequatur quis quos voluptatum. Id accusamus et enim et laboriosam quis ipsa. Tempora quod recusandae mollitia sit vel quae.',39,0,1,'1993-04-23 15:49:56'),(36,66,94,'Mollitia qui est officiis et quo natus consequuntur. Ipsum cupiditate quis explicabo molestiae nihil corporis. Laudantium incidunt amet eum. Architecto asperiores rerum perspiciatis rem consequatur quasi officiis. Possimus blanditiis molestias quia quia.',87,1,0,'1979-06-17 20:00:18'),(37,98,75,'Sapiente id vero id molestiae et nesciunt. Nihil non quos nihil placeat sit doloremque cumque. Mollitia vero nemo aperiam sint soluta.',5,1,0,'2017-07-14 06:45:46'),(38,59,69,'Itaque nihil provident voluptas nam. Distinctio reiciendis earum itaque vel. Aperiam ea odit non facilis temporibus numquam autem. Cupiditate distinctio voluptates iste omnis consequuntur molestiae.',3,0,0,'1995-12-02 06:14:41'),(39,6,21,'Labore voluptatem sapiente consequuntur nihil cupiditate asperiores. Nemo aut alias minus veritatis. Ut eligendi fuga quos quia quis eum quis. Consequatur ea corrupti maxime illo temporibus.',15,1,1,'1975-07-17 14:37:26'),(40,19,64,'Quidem sunt aliquam illum. Impedit aut quia nisi atque. Aut optio voluptas dolores. Numquam eligendi quia deleniti suscipit voluptatem labore.',NULL,1,1,'2011-12-28 11:34:18'),(41,14,27,'Perferendis ipsum iste consectetur ut nisi sunt. Soluta incidunt qui quo reiciendis vitae quis. Incidunt sed incidunt quaerat harum suscipit qui sunt. Natus velit sit magnam odit ipsa accusantium laudantium saepe.',NULL,0,0,'1976-04-30 21:32:15'),(42,34,61,'Aut pariatur magnam aut aut. Repudiandae deserunt doloribus voluptas optio voluptas sint non. Aut cumque et ut. Deleniti totam ad deleniti officia.',NULL,0,0,'1973-03-07 10:08:00'),(43,93,51,'Et sequi enim qui aut in cumque error. Sunt veritatis qui pariatur iure. Quisquam voluptatem qui numquam dolorem voluptas. Voluptas suscipit eligendi magni animi voluptatum.',84,0,1,'2016-01-07 02:31:48'),(44,32,60,'Eos doloribus iusto quidem magni dicta molestiae suscipit. Voluptas ut distinctio ea totam mollitia veniam accusantium. Recusandae quos et maxime iusto quia. Sint quia repellendus et rerum ullam consequatur quisquam.',NULL,0,0,'1982-08-26 10:41:17'),(45,96,52,'Quae velit placeat et ex officia. Cum autem illo omnis excepturi.',63,0,1,'1995-01-26 04:06:25'),(46,89,67,'Corrupti quia optio pariatur ratione. Occaecati dolor maxime sit. Saepe dolorem perferendis qui laborum eveniet aut totam voluptatem. Impedit non dignissimos voluptates numquam odit dolor. Quod voluptas et iure sint nemo molestiae quas.',NULL,1,0,'1973-03-30 07:23:14'),(47,100,25,'Explicabo tempore enim dolor. Sed ratione ipsum debitis molestiae saepe reprehenderit ut quo. Iure dolorem dolor molestias dolores.',37,0,1,'1973-07-27 20:53:41'),(48,67,48,'Totam odit qui dolores vero dicta numquam sit. Deleniti veniam iusto aspernatur consectetur quas dolorem. Aut illum tempore fugiat optio mollitia. Eveniet aut laborum et.',93,0,1,'1992-06-07 15:43:06'),(49,13,14,'Porro consequuntur aliquid vero tempora. Sed odio sequi iste quibusdam aut animi sed porro. Est voluptas totam provident amet expedita.',NULL,1,1,'2010-12-10 21:44:35'),(50,74,13,'Voluptate sint cumque repellendus soluta dolore ut. Nihil nam ratione voluptatibus corporis itaque aut cumque asperiores. Deleniti quo facilis aut unde cumque ipsa porro.',58,1,1,'2007-05-07 01:55:58'),(51,60,39,'Architecto inventore soluta vitae odit voluptatem nihil saepe. Nostrum error at eligendi perferendis illo ullam delectus. Dolores vero ea sed minus asperiores. Delectus voluptas sit voluptas recusandae veritatis possimus est voluptas.',36,1,0,'1985-03-31 21:47:39'),(52,7,58,'Voluptates ut qui nam architecto quas inventore qui. Deleniti dolor aut doloremque est aut. Molestiae magni necessitatibus at incidunt. Sint et exercitationem totam minus. Non harum neque eum quia iure tempora.',NULL,0,1,'1982-04-30 17:34:35'),(53,14,65,'Facere necessitatibus nulla placeat non voluptas ut soluta. Qui vel quod temporibus et iure earum quam. Nihil sed iste et quaerat nostrum est quis. Molestias sequi ut est corrupti voluptas ipsa odit.',NULL,1,1,'2009-11-01 18:48:41'),(54,27,19,'Cum cumque voluptatem et sed vero. Velit eum beatae velit sed. Impedit beatae dolorem qui possimus.',NULL,0,0,'1992-01-06 19:13:15'),(55,85,46,'Adipisci similique facilis voluptatem quae provident quod sequi. Laboriosam consequatur ducimus laboriosam deleniti asperiores vero eos modi. Minus quo temporibus reiciendis molestiae itaque. Omnis sit dolor minima et aut ut quasi.',89,0,0,'1973-11-19 07:20:37'),(56,82,99,'Nesciunt et non doloremque et voluptas optio odit. Commodi sint aut ducimus et. Delectus et aperiam maxime voluptas quo veritatis est.',5,1,0,'1998-02-14 10:42:55'),(57,72,16,'Nihil architecto et et et. Quam facere voluptas praesentium explicabo. Rerum voluptatum officiis est magni.',91,1,0,'1986-10-08 08:05:24'),(58,60,64,'Molestias quia consequatur sit officiis. Praesentium id repellat deserunt praesentium atque architecto. Dicta unde et dolores praesentium. Aut aut natus doloribus sunt tempore porro.',NULL,0,0,'2003-05-12 05:55:54'),(59,66,91,'Quisquam voluptas quia at harum cum. Ea aut minus ut facere sed maiores. Beatae autem aut labore voluptates a consectetur.',NULL,1,1,'1976-09-27 08:47:25'),(60,24,61,'Blanditiis et nesciunt dolorum ipsa provident eum occaecati. Necessitatibus et aliquid magni cupiditate occaecati et voluptatem. Nihil numquam necessitatibus ut iste odio esse atque quidem.',NULL,1,0,'2017-05-04 04:16:00'),(61,42,12,'Consequatur minima voluptates voluptas et tenetur enim et saepe. Est voluptas magni libero id qui ex a. Culpa dolorem iure id quidem qui repudiandae repellat.',NULL,0,1,'1994-07-05 07:59:14'),(62,28,42,'Non ducimus incidunt eius ut et. Dolores omnis explicabo repudiandae dignissimos ut voluptas natus. Dignissimos iste non sapiente ea qui culpa rerum provident. Nesciunt sed consequatur rerum alias praesentium.',71,0,0,'1971-02-13 15:19:59'),(63,37,94,'Voluptatum pariatur unde possimus eos veniam ut ut laborum. Vel nihil consequuntur cumque labore. Sequi facilis illum dolorem labore doloribus quo expedita.',NULL,0,0,'1981-01-25 10:11:55'),(64,89,49,'Vel ut beatae quo quia. Omnis nihil sunt illum est ut numquam.',73,0,1,'2017-11-24 08:24:44'),(65,8,63,'Veritatis aut dolor nihil sequi saepe. Qui praesentium sapiente pariatur tenetur quo quisquam dolorem. Eum esse ipsam enim nemo ea.',NULL,0,0,'2011-03-12 02:50:27'),(66,61,68,'Qui autem molestiae repellendus. Dolore voluptatem rerum nihil perspiciatis error. Quas dignissimos ipsum quod et eos dolorum adipisci.',14,0,0,'1993-04-13 08:46:02'),(67,2,67,'Illo eius beatae maxime adipisci et nulla amet. Quis qui laboriosam aut quis omnis ea laborum. Qui delectus consectetur doloribus rem repellendus fugit iste. Amet enim deserunt ut atque rerum natus maxime.',NULL,1,1,'2001-04-30 00:15:20'),(68,25,15,'Soluta culpa earum libero nesciunt nisi dolorem animi. Tempore delectus vel assumenda laborum architecto enim. Eveniet voluptatem suscipit reprehenderit aut. Sequi esse rerum debitis.',9,1,1,'1987-08-19 23:06:32'),(69,32,52,'Quis maxime quia pariatur modi. Magnam optio temporibus sint vero cum voluptas et. Qui dicta nisi rem eaque. Quia aut et recusandae exercitationem assumenda omnis.',NULL,1,1,'1970-12-07 02:16:40'),(70,34,17,'Architecto quae corporis et quod ipsum soluta aut. Eaque quidem magni magnam amet. Fugiat unde dolor magni laudantium nisi sint sint est. Ut molestiae rerum perferendis error. Qui fuga ipsum suscipit praesentium.',NULL,1,0,'1996-09-22 05:54:21'),(71,97,16,'Vero dignissimos eveniet incidunt sunt. Odit perspiciatis unde voluptates repudiandae.',94,1,0,'1976-09-11 01:11:54'),(72,15,68,'Dolorum unde molestias rerum repellendus sequi et. A quas et eos et esse aliquid labore. Sit sit vel in dolorem suscipit corrupti perspiciatis velit.',NULL,0,1,'1975-07-22 18:25:53'),(73,31,74,'Repudiandae voluptas voluptates ut sunt nulla consectetur. Officia ut consectetur et autem excepturi quo id. Enim rerum vero culpa culpa perferendis minima aut. Temporibus tenetur minus quasi iure voluptatem.',NULL,1,0,'2018-07-15 02:03:45'),(74,32,97,'Tempora voluptates recusandae veritatis placeat eum. Ipsa possimus rerum quidem possimus fugiat dignissimos. Qui aut atque vitae facere.',NULL,0,0,'2011-03-25 16:44:35'),(75,65,55,'Dolorem ducimus esse beatae molestias provident impedit eaque libero. Doloribus sint a ut porro error quos enim voluptas. Dicta numquam veniam recusandae neque.',33,0,0,'1971-12-21 01:34:39'),(76,58,7,'Dicta corporis fugiat ut doloribus expedita sapiente consectetur vel. Ea sunt error officia et facilis suscipit quam. Aut vel delectus deserunt et ipsum rerum. Est deleniti maxime ut rerum fuga.',NULL,0,0,'2014-07-16 11:03:58'),(77,66,85,'In et mollitia doloribus nulla repellat repudiandae. Cupiditate quis quam quam veritatis qui nesciunt.',70,1,0,'1996-10-18 04:02:25'),(78,48,2,'Consequatur est veritatis ducimus id. Consequatur facilis ipsa aut autem.',18,0,0,'1997-12-30 22:47:17'),(79,78,36,'Aliquid eos deleniti quasi perferendis eos. Qui tempora ut eveniet ut quo impedit distinctio. Velit beatae ipsam similique excepturi assumenda quia. Accusamus fugiat sed qui sit quo quaerat.',15,0,0,'2005-04-19 23:55:55'),(80,51,86,'Sequi odit officia culpa nemo quibusdam. Libero sint temporibus rerum architecto tempore adipisci. Repellendus voluptatem et fugit ipsa esse temporibus deleniti.',20,0,0,'1975-02-01 18:18:33'),(81,99,11,'Id tempore dolorem in nam et. Quasi error ea perferendis in maiores id quidem. Voluptate modi rerum hic molestiae expedita esse.',43,1,0,'1983-08-02 23:36:02'),(82,53,100,'Doloribus quidem iusto at fugiat porro veritatis. Fugit magnam corrupti eos. Quas omnis reiciendis saepe consequatur aut ad quo. Iure quos accusantium similique fuga iure voluptatem rerum dolores.',25,1,1,'2006-06-12 11:10:36'),(83,78,78,'Ut recusandae incidunt non quia et repudiandae corporis cumque. Qui ratione ea quam hic earum. Occaecati velit consequatur dolorem eum ratione. Velit fuga eos aut in repellat dolores sapiente ad.',83,0,0,'1992-07-18 02:58:24'),(84,14,9,'Autem eveniet similique natus nesciunt est qui. Officiis placeat et voluptas non. In enim ipsa quaerat molestias quia ut commodi deleniti. A tempora quasi consectetur nobis qui.',NULL,1,0,'1980-01-12 18:49:01'),(85,29,47,'Ea officiis et magni rerum est earum animi omnis. Provident quaerat laudantium officia nulla corrupti distinctio.',NULL,0,0,'2011-08-01 11:14:31'),(86,25,25,'Explicabo vel esse aut eum. Dignissimos est temporibus magnam et quia. Repellat ut qui quisquam omnis aut dolorum architecto.',30,0,0,'2001-09-18 19:13:11'),(87,62,40,'Eaque iure aliquid illo totam voluptatum consequatur modi. Iste at omnis est quo quos repudiandae qui. Et harum temporibus facilis at. Minus magni quia facilis commodi quibusdam.',NULL,0,1,'1985-03-06 06:37:32'),(88,93,93,'Ad laudantium voluptate in sint amet ut. Nihil omnis beatae sed iste molestiae consequatur laudantium et. Velit et omnis eveniet suscipit modi non. Et tempora odio voluptates quia id similique molestiae.',92,1,0,'1999-09-28 07:36:24'),(89,14,24,'Ipsum quia ut voluptate ut rem. Provident eum et debitis omnis laudantium. Dolorum incidunt nulla dolor id aliquid voluptatem.',44,1,1,'1989-12-15 07:45:12'),(90,89,79,'Hic autem esse illo. Et ipsam voluptatem architecto omnis. Vel a impedit et sed est sed dolorum.',99,1,1,'1998-01-20 23:56:36'),(91,78,46,'Corrupti dignissimos temporibus sed magnam aperiam consequatur. Voluptatibus consectetur voluptas aut. Tempora corporis quia exercitationem qui. Quis et necessitatibus doloribus nobis soluta nulla.',NULL,1,0,'1970-01-11 08:09:20'),(92,85,44,'Cum dolore ea exercitationem natus. Molestiae a ducimus quisquam facere corrupti aut. Doloribus molestiae eum accusantium est. Alias eveniet perspiciatis qui illum qui quae.',NULL,0,1,'2018-10-19 08:00:41'),(93,30,33,'Placeat eius dolor omnis qui. Voluptatem aut aut consequatur totam aut sed. Labore ut non voluptates at non officiis.',49,0,1,'1974-04-29 09:20:52'),(94,46,8,'Excepturi sit vel aut esse dolorum quis incidunt. Reprehenderit pariatur non voluptatibus.',NULL,0,1,'2017-04-28 02:37:53'),(95,69,96,'Officiis beatae quibusdam tenetur. Explicabo dolorem necessitatibus molestiae sunt est quam quam. Hic qui fugiat doloremque in necessitatibus quos harum ab. Dolores nesciunt dolorem voluptas ex labore.',16,1,1,'1999-10-09 04:46:29'),(96,93,67,'Quia quae sed aut deleniti et est. Non qui sunt error accusantium molestias necessitatibus nostrum. Ut esse dolore quibusdam commodi eligendi corrupti impedit.',62,0,0,'1976-09-11 11:21:20'),(97,7,46,'Ex aut consequuntur voluptas quae ex est explicabo. Harum sequi aut mollitia.',NULL,1,0,'2002-08-24 22:50:00'),(98,66,84,'Qui aliquam vel reprehenderit dolore repellendus. Assumenda eligendi dolor aut dignissimos quo non dicta. Cumque aliquid reprehenderit ullam dolores amet. Provident et eos ducimus architecto culpa praesentium.',37,1,1,'2000-04-16 17:45:23'),(99,23,80,'Aperiam vero soluta inventore reiciendis natus natus. Repellat qui nemo et qui nobis voluptas. Vel minima officia ea ex necessitatibus. Qui sed odio aspernatur et corrupti. Atque placeat accusamus odio rerum deserunt iusto saepe.',NULL,1,0,'1986-12-25 03:37:44'),(100,93,52,'Quis illo iste quisquam in. Quisquam voluptas dolor voluptatem quisquam similique facere voluptas iusto. Nobis nostrum at dignissimos magnam est. Occaecati eaque expedita dolores minus aut sed neque quos.',2,1,1,'2001-10-24 01:17:27');
/*!40000 ALTER TABLE `messages` ENABLE KEYS */;
UNLOCK TABLES;

--
-- Table structure for table `profiles`
--

DROP TABLE IF EXISTS `profiles`;
/*!40101 SET @saved_cs_client     = @@character_set_client */;
/*!50503 SET character_set_client = utf8mb4 */;
CREATE TABLE `profiles` (
  `user_id` int unsigned NOT NULL COMMENT 'Ссылка на пользователя',
  `photo_id` int unsigned DEFAULT NULL,
  `gender` char(1) CHARACTER SET utf8 COLLATE utf8_unicode_ci NOT NULL COMMENT 'Пол',
  `birthday` date DEFAULT NULL COMMENT 'Дата рождения',
  `city` varchar(130) CHARACTER SET utf8 COLLATE utf8_unicode_ci DEFAULT NULL COMMENT 'Город проживания',
  `country` varchar(130) CHARACTER SET utf8 COLLATE utf8_unicode_ci DEFAULT NULL COMMENT 'Страна проживания',
  `is_private` tinyint(1) DEFAULT '0',
  `created_at` datetime DEFAULT CURRENT_TIMESTAMP COMMENT 'Время создания строки',
  `updated_at` datetime DEFAULT CURRENT_TIMESTAMP ON UPDATE CURRENT_TIMESTAMP COMMENT 'Время обновления строки',
  PRIMARY KEY (`user_id`)
) ENGINE=InnoDB DEFAULT CHARSET=utf8 COLLATE=utf8_unicode_ci COMMENT='Профили';
/*!40101 SET character_set_client = @saved_cs_client */;

--
-- Dumping data for table `profiles`
--

LOCK TABLES `profiles` WRITE;
/*!40000 ALTER TABLE `profiles` DISABLE KEYS */;
INSERT INTO `profiles` VALUES (1,93,'f','1997-02-03','West Julianaland','China',0,'2015-05-29 00:00:00','2020-06-15 07:25:51'),(2,10,'f','1981-11-27','East Heloisebury','Poland',0,'1989-04-21 18:47:00','2020-06-15 07:18:01'),(3,69,'m','1974-04-27','New Marlinhaven','Kyrgyz Republic',0,'2008-05-19 15:23:39','2020-06-15 07:17:44'),(4,13,'f','1974-02-15','Port Layla','Mauritius',0,'1991-02-01 21:20:57','2020-06-15 07:17:44'),(5,61,'m','2005-05-24','Laurynshire','Tonga',0,'2017-04-01 00:00:00','2020-06-15 07:25:51'),(6,66,'m','1985-11-23','New Claudieburgh','French Guiana',0,'2018-03-17 00:00:00','2020-06-15 07:25:51'),(7,47,'f','2005-07-19','Lake Judyfurt','Burkina Faso',0,'2013-01-11 00:00:00','2020-06-15 07:25:51'),(8,33,'f','2004-08-14','Cesarstad','Saint Barthelemy',0,'2005-05-04 08:25:45','2020-06-15 07:18:01'),(9,27,'f','1975-08-09','West Tremayne','Finland',1,'2000-04-02 00:00:00','2020-06-15 07:25:51'),(10,32,'f','1997-10-17','Pagacburgh','Reunion',0,'2019-08-11 00:00:00','2020-06-15 07:25:51'),(11,82,'f','1972-09-13','Watsicahaven','Syrian Arab Republic',0,'2010-11-25 00:00:00','2020-06-15 07:25:51'),(12,11,'m','2005-09-01','Alenefurt','Niue',0,'2017-09-26 02:39:26','2020-06-15 07:18:01'),(13,10,'m','1984-12-17','Madelynshire','Guinea',0,'2007-06-28 02:02:06','2020-06-15 07:17:44'),(14,16,'f','1984-11-10','East Ewald','Dominica',0,'2017-07-24 00:00:00','2020-06-15 07:25:51'),(15,49,'f','1980-01-22','East Maryse','Denmark',1,'1990-10-03 00:00:00','2020-06-15 07:25:51'),(16,97,'f','1973-10-19','North Emie','Libyan Arab Jamahiriya',0,'1991-04-04 20:01:17','2020-06-15 07:17:44'),(17,38,'m','1987-11-29','New Aron','Australia',0,'2006-01-11 01:41:39','2020-06-15 07:17:44'),(18,98,'f','1974-12-16','West Cullentown','Cayman Islands',0,'1975-09-21 00:00:00','2020-06-15 07:25:51'),(19,77,'m','1997-10-20','Port Lucienneville','Rwanda',0,'2017-03-15 00:00:00','2020-06-15 07:25:51'),(20,90,'m','1998-10-27','North Carrollfurt','Azerbaijan',0,'2015-07-29 01:03:07','2020-06-15 07:17:44'),(21,16,'m','1977-07-29','Destineyville','Czech Republic',0,'1989-10-18 13:49:33','2020-06-15 07:18:01'),(22,12,'f','1983-05-10','New Lesley','Barbados',1,'2019-12-05 00:00:00','2020-06-15 07:25:51'),(23,11,'f','1990-11-15','Montanafort','Pakistan',0,'2003-06-28 02:12:47','2020-06-15 07:17:44'),(24,17,'f','1987-07-14','Hanktown','Korea',1,'2014-07-26 00:00:00','2020-06-15 07:25:51'),(25,53,'f','1982-01-09','East Malindaburgh','Morocco',0,'2016-09-14 00:00:00','2020-06-15 07:25:51'),(26,15,'f','1986-08-09','East Chanellefort','Jersey',0,'1987-06-29 11:37:53','2020-06-15 07:17:44'),(27,14,'m','1972-10-18','Lindbury','Equatorial Guinea',0,'2014-01-03 00:00:00','2020-06-15 07:25:51'),(28,24,'f','1978-07-05','Koelpinborough','Slovenia',0,'1986-07-23 18:55:33','2020-06-15 07:18:01'),(29,79,'f','1985-07-23','North Lilianaberg','Iran',0,'1987-01-25 00:00:00','2020-06-15 07:25:51'),(30,20,'f','2011-03-13','West Benjamin','Singapore',0,'2016-06-28 00:00:00','2020-06-15 07:25:51'),(31,64,'f','1999-09-24','Lake Lupeview','Kuwait',0,'2007-08-03 17:14:58','2020-06-15 07:17:44'),(32,59,'m','1977-07-08','Maggioview','Croatia',0,'1989-12-06 00:00:00','2020-06-15 07:25:51'),(33,1,'m','1990-02-12','North Lewistown','Saint Vincent and the Grenadines',0,'2020-01-09 00:00:00','2020-06-15 07:25:51'),(34,29,'m','1970-10-04','Wiegandville','Peru',0,'2006-02-11 07:14:08','2020-06-15 07:18:01'),(35,42,'f','1970-11-08','New Joanie','Wallis and Futuna',0,'2009-02-19 00:40:03','2020-06-15 07:18:01'),(36,21,'m','1982-01-28','New Chester','Sierra Leone',0,'2019-10-21 21:15:10','2020-06-15 07:18:01'),(37,79,'f','1972-04-17','Lefflerbury','Sierra Leone',0,'1994-11-26 00:19:21','2020-06-15 07:17:44'),(38,30,'m','1984-04-04','North Kory','Anguilla',0,'2004-08-17 00:00:00','2020-06-15 07:25:51'),(39,12,'m','2015-05-26','Luluville','Nepal',0,'2015-05-27 00:00:00','2020-06-15 07:25:51'),(40,72,'f','2004-02-21','Port Mikaylastad','India',1,'2016-11-26 13:36:21','2020-06-15 07:21:12'),(41,22,'f','2000-02-20','West Cassie','Congo',0,'2016-04-17 00:00:00','2020-06-15 07:25:51'),(42,93,'m','1986-01-09','Runolfsdottirton','Dominica',0,'2001-03-12 06:30:04','2020-06-15 07:18:01'),(43,99,'m','2008-11-27','New Margemouth','Germany',0,'2018-12-17 00:00:00','2020-06-15 07:25:51'),(44,17,'m','1985-12-08','Bransonport','Chile',0,'2015-09-04 00:00:00','2020-06-15 07:25:51'),(45,87,'f','2006-06-17','Keeblerside','Belize',0,'2008-01-21 00:00:00','2020-06-15 07:25:51'),(46,82,'m','1971-11-27','Lefflerport','Nigeria',0,'2020-01-09 18:03:03','2020-06-15 07:17:44'),(47,49,'m','1973-11-20','Warrenville','Botswana',0,'1992-12-28 00:00:00','2020-06-15 07:25:51'),(48,98,'m','1976-05-14','South Loren','Honduras',0,'1990-12-02 00:00:00','2020-06-15 07:25:51'),(49,42,'m','1974-07-12','Deckowstad','Germany',0,'1996-12-23 23:17:50','2020-06-15 07:18:01'),(50,16,'m','2001-09-09','Herzogfort','Honduras',0,'2017-04-11 00:32:47','2020-06-15 07:17:44'),(51,53,'f','1978-03-11','East Alethahaven','Seychelles',0,'1987-03-16 00:00:00','2020-06-15 07:25:51'),(52,19,'m','2001-02-26','Burdetteview','British Indian Ocean Territory (Chagos Archipelago)',1,'2005-02-25 00:00:00','2020-06-15 07:25:51'),(53,34,'m','2005-02-08','Lake Vivienport','Iraq',0,'2015-08-01 00:00:00','2020-06-15 07:25:51'),(54,10,'f','1998-05-14','Medhurstfort','Pitcairn Islands',0,'2000-01-29 00:00:00','2020-06-15 07:25:51'),(55,51,'m','1982-01-12','East Genoveva','Macao',0,'2019-08-21 03:22:13','2020-06-15 07:17:44'),(56,24,'f','1988-11-23','Johnsberg','Luxembourg',0,'1998-07-23 00:00:00','2020-06-15 07:25:51'),(57,64,'m','1973-02-02','North Robbie','Turkmenistan',0,'2005-05-23 00:00:00','2020-06-15 07:25:51'),(58,49,'f','1973-11-18','Port Brendan','El Salvador',0,'1998-07-28 00:00:00','2020-06-15 07:25:51'),(59,53,'f','2000-03-16','North Dudley','Botswana',0,'2004-04-26 00:00:00','2020-06-15 07:25:51'),(60,18,'m','1972-02-27','Port Brandi','San Marino',0,'1980-04-01 00:34:47','2020-06-15 07:18:01'),(61,28,'f','1970-08-14','East Alessandrabury','Anguilla',0,'1971-09-03 00:00:00','2020-06-15 07:25:51'),(62,88,'f','1986-12-03','Cruickshankfort','Sweden',0,'1987-06-24 00:00:00','2020-06-15 07:25:51'),(63,57,'f','1971-04-02','Mohrview','United States of America',0,'2012-07-15 17:26:45','2020-06-15 07:17:44'),(64,17,'f','1971-10-11','Milfordstad','Guernsey',0,'1982-09-14 02:06:11','2020-06-15 07:18:01'),(65,15,'f','1994-04-23','North Mina','Pitcairn Islands',0,'2019-08-30 00:00:00','2020-06-15 07:25:51'),(66,25,'f','1991-04-11','North Josefinaside','Anguilla',0,'2013-12-15 06:23:23','2020-06-15 07:18:01'),(67,79,'f','1978-07-11','Abigaleville','Myanmar',0,'2001-12-06 00:00:00','2020-06-15 07:25:51'),(68,18,'f','1997-08-20','West Aditya','Denmark',0,'2016-01-09 00:00:00','2020-06-15 07:25:51'),(69,52,'f','1976-11-18','North Jesus','Saudi Arabia',0,'2014-09-12 00:00:00','2020-06-15 07:25:51'),(70,6,'m','1981-06-14','Wardmouth','Liechtenstein',0,'1990-04-27 06:31:32','2020-06-15 07:17:44'),(71,74,'f','1970-04-12','Mariestad','Djibouti',0,'2014-03-13 00:00:00','2020-06-15 07:25:51'),(72,51,'f','1998-07-29','Vanceborough','Honduras',0,'2016-02-09 11:25:50','2020-06-15 07:17:44'),(73,34,'f','2010-05-30','South Sydneehaven','Bouvet Island (Bouvetoya)',0,'2012-12-02 00:00:00','2020-06-15 07:25:51'),(74,15,'m','1976-02-06','Dachhaven','Netherlands',0,'1989-08-12 08:21:26','2020-06-15 07:18:01'),(75,72,'f','1988-07-12','Port Selinamouth','Moldova',0,'2018-07-29 17:27:41','2020-06-15 07:18:01'),(76,14,'m','2004-03-04','West Newellton','Niue',0,'2013-02-11 11:54:49','2020-06-15 07:17:44'),(77,54,'f','1995-09-20','Emeraldborough','Maldives',1,'2019-10-19 03:42:07','2020-06-15 07:21:12'),(78,29,'m','1982-09-11','Lake Naomi','Botswana',0,'1994-05-30 00:00:00','2020-06-15 07:25:51'),(79,82,'f','1976-08-15','Kilbackfurt','Slovenia',1,'1993-02-26 00:00:00','2020-06-15 07:25:51'),(80,24,'m','1975-01-13','West Dortha','Slovakia (Slovak Republic)',0,'2014-12-04 23:29:06','2020-06-15 07:17:44'),(81,72,'f','1979-09-05','East Calefort','Malta',1,'1989-07-21 00:00:00','2020-06-15 07:25:51'),(82,86,'m','1994-01-27','South Michel','Zambia',0,'2017-10-19 00:00:00','2020-06-15 07:25:51'),(83,14,'f','1986-02-26','North Wilburntown','Cote d\'Ivoire',0,'2013-03-31 12:01:41','2020-06-15 07:17:44'),(84,10,'f','2013-02-25','Bernadineburgh','Malawi',0,'2017-12-04 00:00:00','2020-06-15 07:25:51'),(85,11,'m','1985-05-19','Port Donald','El Salvador',1,'2008-08-12 00:00:00','2020-06-15 07:25:51'),(86,22,'m','1985-02-17','Gutkowskibury','Nauru',0,'1996-10-31 00:00:00','2020-06-15 07:25:51'),(87,79,'m','1973-06-21','Bergstromville','Libyan Arab Jamahiriya',0,'1998-08-05 00:00:00','2020-06-15 07:25:51'),(88,29,'f','1989-07-27','West Reva','Mozambique',0,'1992-11-06 22:04:52','2020-06-15 07:17:44'),(89,5,'m','1983-10-25','Port Meggieville','Equatorial Guinea',0,'1986-08-19 02:16:14','2020-06-15 07:18:01'),(90,38,'m','1980-07-10','East Louisaport','Pitcairn Islands',0,'2017-02-06 00:00:00','2020-06-15 07:25:51'),(91,76,'f','1986-06-11','Zoiemouth','Cameroon',0,'2011-12-09 02:45:43','2020-06-15 07:17:44'),(92,64,'f','1990-08-28','Port Dionshire','Jordan',0,'1994-06-29 23:51:32','2020-06-15 07:18:01'),(93,91,'m','1975-10-22','Wisokyshire','Botswana',0,'1991-03-16 00:12:05','2020-06-15 07:18:01'),(94,64,'f','1986-11-22','Paucekfurt','Cote d\'Ivoire',1,'1996-09-21 00:00:00','2020-06-15 07:25:51'),(95,46,'f','1989-09-26','West Eveshire','Macao',1,'1997-05-30 11:25:56','2020-06-15 07:21:12'),(96,39,'f','1984-06-15','Forestberg','Sao Tome and Principe',0,'2016-02-29 15:06:28','2020-06-15 07:17:44'),(97,56,'f','1994-03-29','Nelsmouth','Bulgaria',0,'2001-09-13 00:00:00','2020-06-15 07:25:51'),(98,63,'f','1986-03-14','South Cary','Latvia',0,'1986-03-19 00:00:00','2020-06-15 07:25:51'),(99,45,'m','1980-10-17','Denesikfurt','Martinique',0,'2016-07-25 08:44:41','2020-06-15 07:17:44'),(100,35,'f','1987-09-11','East Keltonton','Vietnam',0,'2019-09-26 04:39:18','2020-06-15 07:17:44');
/*!40000 ALTER TABLE `profiles` ENABLE KEYS */;
UNLOCK TABLES;

--
-- Table structure for table `users`
--

DROP TABLE IF EXISTS `users`;
/*!40101 SET @saved_cs_client     = @@character_set_client */;
/*!50503 SET character_set_client = utf8mb4 */;
CREATE TABLE `users` (
  `id` int unsigned NOT NULL AUTO_INCREMENT COMMENT 'Идентификатор строки',
  `first_name` varchar(100) CHARACTER SET utf8 COLLATE utf8_unicode_ci NOT NULL COMMENT 'Имя пользователя',
  `last_name` varchar(100) CHARACTER SET utf8 COLLATE utf8_unicode_ci NOT NULL COMMENT 'Фамилия пользователя',
  `email` varchar(100) CHARACTER SET utf8 COLLATE utf8_unicode_ci NOT NULL COMMENT 'Почта',
  `phone` varchar(100) CHARACTER SET utf8 COLLATE utf8_unicode_ci NOT NULL COMMENT 'Телефон',
  `status_id` int unsigned NOT NULL DEFAULT '1',
  `created_at` datetime DEFAULT CURRENT_TIMESTAMP COMMENT 'Время создания строки',
  `updated_at` datetime DEFAULT CURRENT_TIMESTAMP ON UPDATE CURRENT_TIMESTAMP COMMENT 'Время обновления строки',
  PRIMARY KEY (`id`),
  UNIQUE KEY `email` (`email`),
  UNIQUE KEY `phone` (`phone`)
) ENGINE=InnoDB AUTO_INCREMENT=101 DEFAULT CHARSET=utf8 COLLATE=utf8_unicode_ci COMMENT='Пользователи';
/*!40101 SET character_set_client = @saved_cs_client */;

--
-- Dumping data for table `users`
--

LOCK TABLES `users` WRITE;
/*!40000 ALTER TABLE `users` DISABLE KEYS */;
INSERT INTO `users` VALUES (1,'Ronny','McLaughlin','jayden.flatley@example.org','425.554.1054x350',1,'1983-07-30 05:02:07','2003-08-14 19:43:07'),(2,'Kathryne','Huels','kayleigh94@example.net','1-008-850-8482',1,'1970-09-03 13:09:55','2003-10-17 03:19:26'),(3,'Bernadine','Lueilwitz','daphney69@example.com','(835)593-7243x554',1,'1978-07-08 11:10:24','2018-07-28 23:08:03'),(4,'Raphael','Skiles','francis31@example.com','491-474-1457',1,'1987-06-03 10:07:43','2019-11-03 11:44:20'),(5,'Janick','Barton','hshanahan@example.com','1-971-604-3463',1,'2008-11-22 17:28:01','2017-04-08 13:17:34'),(6,'Landen','Kertzmann','malvina10@example.com','+04(0)4897985310',2,'1971-06-26 17:13:23','2020-06-15 07:00:22'),(7,'Ricky','Gerhold','estel86@example.net','05067842154',3,'1970-08-26 02:41:07','2020-06-15 07:01:01'),(8,'Gaylord','Bahringer','tromp.elissa@example.org','1-568-583-8986x324',1,'1976-11-22 07:34:03','1985-10-07 07:36:43'),(9,'Edwin','Macejkovic','heaven.kiehn@example.net','694.399.0909x03282',1,'2011-02-16 18:35:02','2013-12-16 17:52:35'),(10,'Raegan','Marvin','schaden.jaylon@example.com','1-375-791-3408',3,'1971-05-06 10:39:48','2020-06-15 07:01:01'),(11,'Viola','Ward','hessel.bernard@example.org','02384217034',3,'1980-09-20 20:02:04','2020-06-15 07:01:01'),(12,'Watson','Olson','ward.lavina@example.org','1-048-291-0723x2751',3,'1995-01-09 01:33:17','2020-06-15 07:01:01'),(13,'Myrna','Moore','lvonrueden@example.net','(016)363-9936',1,'1998-06-17 13:46:50','2005-06-05 13:36:35'),(14,'Reinhold','Erdman','clovis51@example.com','1-724-055-6984x73626',1,'2004-11-21 20:36:02','2017-10-12 10:02:00'),(15,'Wilhelmine','Simonis','morar.norval@example.com','1-939-334-7598x1240',1,'2005-02-16 23:14:06','2007-09-25 14:36:38'),(16,'Genesis','Mraz','rene19@example.net','(447)166-6686',3,'1980-04-05 17:59:59','2020-06-15 07:01:01'),(17,'Susana','Robel','eichmann.emilio@example.org','921-625-1068',1,'1982-02-27 14:43:58','1990-06-26 10:05:17'),(18,'Vergie','Stamm','ila.thiel@example.net','533-053-3895x7301',2,'2000-04-18 00:18:29','2020-06-15 07:00:18'),(19,'Nakia','Prohaska','lbeatty@example.org','489.996.2063x95335',1,'1994-10-31 05:21:44','2020-05-01 16:06:56'),(20,'Kaylie','Hyatt','karina.turner@example.org','(850)911-1212x35901',1,'1975-06-09 20:31:12','2007-09-12 04:19:21'),(21,'Alek','Hamill','runolfsson.mossie@example.com','(135)704-9721x808',1,'1996-09-01 14:16:42','2011-08-06 02:37:47'),(22,'Ocie','Walker','bzieme@example.com','(747)326-4579x42932',1,'1973-08-09 01:23:30','1982-12-30 05:54:23'),(23,'Modesta','Bauch','berneice.bins@example.org','1-383-462-5284',1,'1989-03-28 03:28:58','2009-03-14 00:35:44'),(24,'Toney','Ratke','daugherty.reina@example.org','695.057.1425',2,'1974-02-20 18:40:05','2020-06-15 07:00:22'),(25,'Larissa','Schaden','steuber.heber@example.com','(575)624-5163x4376',1,'1987-02-12 17:05:22','1990-12-07 23:26:23'),(26,'Oceane','Schmidt','marks.maxime@example.net','1-480-445-9358x3833',1,'1983-02-11 11:34:15','2005-03-06 23:42:42'),(27,'Coty','Bednar','ernestina.kovacek@example.org','1-755-324-5986x503',3,'1986-06-23 04:49:16','2020-06-15 07:01:01'),(28,'Janae','White','dena97@example.com','291-233-8041',2,'2001-01-10 10:43:33','2020-06-15 07:00:18'),(29,'Loyal','Grady','graynor@example.net','049.411.7537x2882',1,'1976-05-21 02:13:43','2015-07-29 23:26:58'),(30,'Carlie','Boehm','kari27@example.org','1-386-732-3031',1,'1984-03-19 11:34:52','2001-11-28 04:54:46'),(31,'Marcel','Goldner','fisher.jeremie@example.net','1-112-172-2237x69896',1,'1980-05-22 05:14:24','2008-06-12 05:57:10'),(32,'Orville','Lowe','hamill.sylvia@example.net','(128)812-3419x5846',1,'1975-06-26 09:26:18','1975-09-02 05:28:45'),(33,'Gustave','Ratke','ubeier@example.org','116-856-9866x13652',2,'2004-09-05 13:36:52','2020-06-15 07:00:18'),(34,'Reyes','Stracke','brook.bergstrom@example.com','(187)162-7453',1,'1994-05-13 07:13:37','2015-07-08 15:44:08'),(35,'Gabrielle','Jenkins','o\'connell.bessie@example.com','800.855.8919x74454',1,'1978-01-26 14:10:50','2018-06-21 04:49:40'),(36,'Alvah','Schneider','ihessel@example.org','04347041542',3,'2003-07-12 11:43:44','2020-06-15 07:01:01'),(37,'Jess','Kunde','yflatley@example.net','580.135.3829x409',2,'2004-06-28 02:52:58','2020-06-15 07:00:22'),(38,'Idell','Spinka','konopelski.kelvin@example.net','1-737-901-0201',1,'1998-04-17 05:02:35','2018-04-09 14:59:51'),(39,'Ian','Hartmann','alvis45@example.net','089.818.3545x8464',1,'1977-11-03 09:34:40','1992-04-17 16:10:27'),(40,'Maria','Abshire','gschmidt@example.com','07682721346',1,'1977-04-14 03:33:16','1982-07-08 17:27:38'),(41,'Beth','Torp','bogan.annamarie@example.com','1-763-089-2999x7212',1,'1976-01-12 10:22:11','1993-05-20 11:30:06'),(42,'Dena','Sauer','phoebe.bechtelar@example.com','482-878-5797x84454',1,'2012-07-06 07:18:00','2016-01-15 05:10:05'),(43,'Uriah','Balistreri','devin02@example.net','395.955.1992',1,'1993-01-14 13:53:21','1996-05-16 15:52:21'),(44,'Josianne','Moen','adouglas@example.org','675.943.6437x28670',2,'1997-12-01 09:25:56','2020-06-15 07:00:18'),(45,'Desiree','Tillman','jmcglynn@example.com','05674981812',1,'1971-03-30 17:21:02','1992-11-08 05:32:58'),(46,'Trevor','Kulas','duane.parker@example.org','139.934.8870',1,'1975-04-30 00:34:30','1992-11-12 01:12:22'),(47,'Louisa','O\'Hara','stiedemann.willow@example.com','(356)554-7591x01174',2,'2004-11-08 19:33:07','2020-06-15 07:00:18'),(48,'Myra','White','ryundt@example.com','753.622.4494',1,'1973-05-01 14:09:01','1993-02-07 04:58:49'),(49,'Michael','Wilkinson','xschultz@example.com','+84(8)6003069251',1,'1980-07-12 09:43:50','1997-07-20 20:17:38'),(50,'Marques','O\'Kon','ian.kunde@example.com','+84(0)9538643292',3,'1993-07-20 16:06:29','2020-06-15 07:01:01'),(51,'Torey','Christiansen','skuphal@example.net','781-688-6518x665',1,'1972-05-11 21:29:16','1981-09-14 15:17:04'),(52,'Celestine','Reinger','elisabeth.king@example.com','09498608764',1,'1970-07-03 16:02:12','1985-03-12 15:51:15'),(53,'Alayna','Pfannerstill','harber.giovani@example.net','1-274-339-5957x835',1,'1970-03-28 13:50:49','1992-05-10 09:07:43'),(54,'Velda','Mann','evan08@example.com','1-792-403-5847',1,'1981-01-15 13:35:56','1995-01-29 14:32:16'),(55,'Isabelle','Homenick','ivandervort@example.net','(955)238-4358x4686',1,'1994-09-03 16:45:07','1997-10-28 04:38:38'),(56,'Antonio','Kilback','o\'keefe.nina@example.org','+76(5)3676237753',1,'1989-07-08 11:01:21','1995-08-29 13:48:28'),(57,'Braxton','Shanahan','kaden63@example.com','(813)824-5173x0393',1,'1990-07-25 15:21:53','1997-03-03 00:12:06'),(58,'Camille','Collier','forrest.kuvalis@example.org','062.452.6734x783',2,'1992-05-13 19:14:23','2020-06-15 07:00:22'),(59,'Lempi','Waters','qlakin@example.com','1-984-844-3299x208',1,'1986-01-07 02:30:11','1989-08-27 18:26:09'),(60,'Henriette','Christiansen','olson.arno@example.com','(396)602-2415',2,'1981-11-25 13:39:17','2020-06-15 07:00:22'),(61,'Jorge','Lakin','hpouros@example.net','077-009-8413',1,'1973-02-03 03:50:09','1999-12-13 07:12:55'),(62,'Riley','Bogan','zhintz@example.com','02854970351',1,'1987-04-25 00:58:23','1997-07-24 23:30:04'),(63,'Thaddeus','Thiel','marguerite69@example.org','1-222-911-5840x305',1,'1970-04-22 02:49:32','1976-06-26 06:10:17'),(64,'Jaylon','Jacobs','andreane.hermann@example.net','1-348-838-6965',1,'1970-11-03 16:14:25','1972-12-26 23:57:23'),(65,'Rachel','Green','williamson.rebekah@example.org','448.336.8646',1,'2009-02-19 10:35:15','2014-05-09 06:36:11'),(66,'Kale','Leannon','art.gutmann@example.org','(339)134-9276',1,'1983-01-19 17:59:31','2001-05-13 17:33:32'),(67,'Fay','Barrows','xspinka@example.net','842.284.5550',1,'2003-06-26 18:52:23','2009-09-16 11:38:36'),(68,'Bryana','Ziemann','cthompson@example.com','+37(0)7902821778',1,'1983-11-14 18:57:41','1990-02-21 10:48:06'),(69,'Kaelyn','Stokes','chadrick24@example.com','744-014-9119x65613',1,'1990-08-10 21:32:34','2017-07-14 11:36:29'),(70,'Buster','Nienow','angeline93@example.net','947.326.4073',2,'1998-12-30 13:05:04','2020-06-15 07:00:18'),(71,'Anita','Powlowski','issac.shanahan@example.com','048.337.4766x9449',2,'2018-07-28 04:10:14','2020-06-15 07:00:18'),(72,'Amari','Turner','maia54@example.org','1-733-927-5110x51257',1,'1973-10-29 09:51:14','2017-10-15 11:37:13'),(73,'Trent','Bogan','elaina79@example.net','218-622-5474x214',3,'1972-07-19 11:41:41','2020-06-15 07:01:01'),(74,'Porter','Weissnat','dach.janelle@example.com','1-115-190-9966x283',1,'1981-04-24 09:50:34','1985-04-24 06:16:06'),(75,'Darrel','Padberg','metz.eloise@example.org','1-765-443-5761',1,'1989-08-31 01:07:49','1994-07-24 03:44:56'),(76,'Maybelle','Bradtke','mbrakus@example.net','283.241.9669x4143',1,'2006-07-29 20:03:40','2012-01-15 14:44:41'),(77,'Herbert','Welch','fpredovic@example.org','1-577-639-6424x249',1,'1980-06-22 02:51:27','2010-08-06 07:29:41'),(78,'Dulce','Hermann','pedro.sawayn@example.net','657-170-9646x3824',1,'1971-06-02 01:46:30','1989-04-13 03:49:13'),(79,'Mathilde','Wisozk','della.bruen@example.net','1-139-017-2954x5112',1,'1986-08-13 14:24:31','2018-02-22 16:33:12'),(80,'Alexys','Kling','jaclyn.keeling@example.org','810.614.3071x571',1,'1983-11-18 00:50:36','2016-11-24 04:31:42'),(81,'Melody','Kilback','tprohaska@example.org','1-324-540-2129',3,'1985-09-13 09:28:02','2020-06-15 07:01:01'),(82,'Sydnee','Reynolds','turner.robbie@example.net','1-612-505-6257x53529',1,'1979-11-27 14:37:03','1988-03-31 11:35:31'),(83,'Braeden','Russel','joaquin.lebsack@example.net','04643587430',1,'1996-02-06 17:16:03','2013-12-09 04:08:17'),(84,'Kendall','Dooley','frieda.predovic@example.org','(372)618-5336x65994',1,'1998-04-09 03:52:47','2010-04-16 22:45:38'),(85,'Nelson','Legros','bvolkman@example.com','421-757-7903x38016',2,'1973-08-05 14:33:27','2020-06-15 07:00:18'),(86,'Addie','Hammes','kschroeder@example.com','890.424.3196',1,'1991-11-18 08:07:18','2000-08-17 06:33:58'),(87,'Larissa','McClure','sheldon.dare@example.net','00814246810',1,'2010-02-12 20:39:16','2015-05-08 09:49:46'),(88,'Amara','Davis','iarmstrong@example.org','430-891-7378x4686',1,'1972-01-25 13:36:43','1997-10-20 03:37:46'),(89,'Savion','Hyatt','vroberts@example.org','035-577-5730',3,'1974-07-07 12:04:15','2020-06-15 07:01:01'),(90,'Crystal','Pfeffer','enoch.jacobson@example.com','142.776.1193x642',2,'2005-08-29 06:31:35','2020-06-15 07:00:18'),(91,'Johnson','Feil','darron.franecki@example.org','1-131-231-4813x070',1,'1970-04-10 11:33:52','2001-01-25 13:52:39'),(92,'River','Bednar','shany.huels@example.com','233-673-1651',2,'1970-09-12 13:58:52','2020-06-15 07:00:18'),(93,'Willy','Orn','edwina10@example.com','276-483-1786',1,'1996-02-15 14:42:42','2004-11-16 16:50:19'),(94,'Serena','Ledner','stanton94@example.net','(842)713-3938x9745',1,'1998-03-24 22:04:44','1999-07-26 15:27:10'),(95,'Gerald','Bosco','conrad44@example.net','377.788.0155',1,'1977-03-24 06:05:46','2003-09-29 07:30:38'),(96,'Hillary','O\'Reilly','iliana30@example.net','1-622-699-6756x87707',1,'1986-10-28 22:42:22','2002-11-30 03:23:35'),(97,'Allan','Torp','adelle.wyman@example.net','339-552-1180',1,'1973-10-23 02:55:02','2013-03-05 10:08:40'),(98,'Eliezer','Nicolas','greichel@example.com','582.737.8734x7272',1,'1991-05-20 23:25:50','2012-04-07 10:14:29'),(99,'Camylle','Rice','bjones@example.com','700.662.7441',1,'1978-02-15 16:14:33','2007-09-02 14:28:06'),(100,'Hildegard','Haley','jewel75@example.com','841.081.9786x199',1,'1975-07-02 15:24:52','2007-09-23 10:03:16');
/*!40000 ALTER TABLE `users` ENABLE KEYS */;
UNLOCK TABLES;
/*!40103 SET TIME_ZONE=@OLD_TIME_ZONE */;

/*!40101 SET SQL_MODE=@OLD_SQL_MODE */;
/*!40014 SET FOREIGN_KEY_CHECKS=@OLD_FOREIGN_KEY_CHECKS */;
/*!40014 SET UNIQUE_CHECKS=@OLD_UNIQUE_CHECKS */;
/*!40101 SET CHARACTER_SET_CLIENT=@OLD_CHARACTER_SET_CLIENT */;
/*!40101 SET CHARACTER_SET_RESULTS=@OLD_CHARACTER_SET_RESULTS */;
/*!40101 SET COLLATION_CONNECTION=@OLD_COLLATION_CONNECTION */;
/*!40111 SET SQL_NOTES=@OLD_SQL_NOTES */;
